SKU,Description,Style/Color,Vendor,Vendor Description,OnHand Qty,OnHand Curr Cost,OnHand Value,OnHand Weeks,MTD Qty,MTD Sales,MTD Markdowns,MTD MD Pct,MTD Profit,MTD GP Pct,MTD Turns,MTD ROI Pct,MTD Sell Thru,Age_FirstRec,Age_LastRec,Comment
W7120          ,JeanCaTuBoPanCESTT U,ALGD/2P2B ,CEST,C EST TOI,14,206.84,"2,895.76",0.2,26,"10,741.32","4,519.64",42.1,"5,379.86",50.1,11.6,1160,65,149,25,
WID1022NV      ,JeanCaTuPdeIRIS U   ,ALGD/1P1B ,IRIS,IRIS,6,277.8,"1,666.80",0.1,21,"10,784.28","3,733.02",34.6,"4,946.40",45.9,15.3,1294,77.8,816,4,
C2320          ,JeanCiTuB2PdeCESTT U,ALGD/PREL ,CEST,C EST TOI,14,178.55,"2,499.70",0.2,25,"9,157.75","3,777.00",41.2,"4,694.00",51.3,11.3,1190,64.1,149,25,
W7284          ,JeanCaTuPanCESTT U  ,ALGD/2P2B ,CEST,C EST TOI,0,333.33,0,0,12,"8,046.51","2,336.13",29,"4,046.55",50.3,24,2428,100,149,8,
W7076          ,JeanCiCamPanCESTT U ,ALGD/2P2B ,CEST,C EST TOI,18,206.67,"3,720.06",0.4,18,"7,614.90","3,263.40",42.9,"3,904.92",51.3,8,842,50,696,25,
W7230          ,JeanCaTuPanCESTT U  ,ALGD/2P2B ,CEST,C EST TOI,19,238.87,"4,538.53",0.5,16,"7,439.06","2,647.82",35.6,"3,673.09",49.4,7.1,692,45.7,239,25,
TM100          ,JeanCaTuBoPanCESTT U,ALGD/2P2B ,CEST,C EST TOI,4,260.22,"1,040.88",0.1,14,"7,189.52","2,488.68",34.6,"3,546.44",49.3,15.3,1487,77.8,148,25,
WJ784MD        ,BlusCcaBotMlCESTT U ,JEAN/MEDI ,CEST,C EST TOI,25,266.9,"6,672.50",0.7,15,"7,466.04","2,903.46",38.9,"3,462.54",46.4,5.5,479,37.5,148,7,
LP91881DK073BK ,PantForCiRePdeHAVE U,RAYO/1P1B ,MUST,MUST HAVE,25,291.03,"7,275.75",0.8,13,"7,082.14","3,035.24",42.9,"3,288.06",46.4,5,430,34.2,278,8,
W7267          ,JeanCiTuB4PdeCESTT U,ALGD/1P4B ,CEST,C EST TOI,3,337.26,"1,011.78",0.1,9,"5,710.42","2,076.56",36.4,"2,675.08",46.8,14.4,1269,75,149,25,
P9286RY        ,PantCiTuPanACTIV U  ,RAYO/ROYA ,ACTI,ACTIVE USA,21,205.04,"4,305.84",0.7,13,"4,945.72","2,119.52",42.9,"2,280.20",46.1,5.4,464,38.2,420,25,temp ori R
P9286NV        ,PantCiTuPanACTIV U  ,RAYO/AZUL ,ACTI,ACTIVE USA,16,205.04,"3,280.64",0.5,13,"4,891.36","2,173.88",44.4,"2,225.84",45.5,6.9,579,44.8,148,8,
T8710LBL       ,BlusCcaBotMcKATE U  ,JEAN/AZUL ,KATE,KATE COLLECT,4,251.35,"1,005.40",0.2,8,"4,178.26","1,213.02",29,"2,167.46",51.9,12,1293,66.7,145,25,
HS2330LTMD     ,BlusCcaBotMlJC&JQ U ,JEAN/PREL ,JC&J,JC&JQ,22,343.95,"7,566.90",1.3,7,"4,499.12","1,557.42",34.6,"2,091.47",46.5,3.3,286,24.1,148,7,
D9733BKWH      ,VestCarFjaSmKARAG U ,POLY/DISE ,KARA,KARA GIRL,0,335.72,0,0,4,"3,237.38",571.3,17.6,"1,894.50",58.5,24,3386,100,147,42,
WJ783DK        ,BlusCvBroM34CESTT U ,JEAN/AZUL ,CEST,C EST TOI,13,286.91,"3,729.83",0.9,6,"3,560.88","1,526.10",42.9,"1,839.42",51.7,4.5,481,31.6,148,3,
20078BBK       ,BraziUsfPolyALWAY U ,POLY/NEGR ,KORU,KORUS SALES,21,92.6,"1,944.60",1.5,6,"2,394.78",0,0,"1,839.18",76.8,2.9,973,22.2,143,25,
DNP173KH       ,PantCaTuPdeTIMIN U  ,ALGD/KAKI ,TIMI,THE TIMING ,3,231.5,694.5,0.1,13,"4,823.50","2,467.81",51.2,"1,814.00",37.6,16.4,990,81.3,143,14,
0011NV         ,PantCaAcaPdeCIELO U ,ALGD/1P1B ,CIEL,CIELO,3,370.4,"1,111.20",0.1,15,"7,355.49","3,053.16",41.5,"1,799.49",24.5,17.1,555,83.3,943,81,
BR9495PBE      ,BraziUsfPolyMAMIA U ,POLY/BEIG ,UNIO,UNION HOSIER,15,37.48,562.2,0.6,11,"2,185.31","1,248.56",57.1,"1,773.03",81.1,6.4,2769,42.3,143,43,
K8645BKWH      ,VestCclClCtEVENT U  ,POLY/RAYA ,EVEN,EVENT,8,476.23,"3,809.84",0.9,4,"3,640.00","1,560.00",42.9,"1,735.08",47.7,4.8,437,33.3,147,13,
WJ784DK        ,BlusCcaBotMlCESTT U ,JEAN/DARK ,CEST,C EST TOI,2,266.9,533.8,0.1,7,"3,594.76","1,244.34",34.6,"1,726.46",48,14,1294,77.8,148,38,
BE2851DBL      ,FaldMiniUsfPdeJESS U,ALGD/AZUL ,XPAM,PAPERMOON,45,231.5,"10,417.50",2.1,9,"3,807.45","1,631.70",42.9,"1,723.95",45.3,2.2,181,16.7,147,3,
W7251          ,JeanCaRecPanCESTT U ,ALGD/ROTO ,CEST,C EST TOI,19,387,"7,353.00",2,4,"3,221.30",935.22,29,"1,673.30",51.9,2.3,247,17.4,148,35,
IP8183         ,JeanCaTuPdeIRIS U   ,ALGD/1P1B ,IRIS,IRIS,2,244.73,489.46,0.1,8,"3,627.84","1,554.80",42.9,"1,670.00",46,16,1365,80,147,25,
0011BN         ,PantCaAcaPdeCIELO U ,ALGD/1P1B ,CIEL,CIELO,4,370.4,"1,481.60",0.1,14,"6,800.36","2,914.38",42.9,"1,619.98",23.8,15.3,478,77.8,2342,38,
P9140BK        ,PantCiReFjPdeACTIV U,RAYO/NEGR ,ACTI,ACTIVE USA,7,205.04,"1,435.28",0.3,9,"3,423.96","1,467.36",42.9,"1,578.60",46.1,9.4,803,56.3,420,25,
BE2445LBL      ,VestCcaCorSmPAPER U ,JEAN/PREL ,XPAM,PAPERMOON,5,343.95,"1,719.75",0.4,6,"3,633.90","1,557.42",42.9,"1,570.20",43.2,9,685,54.5,147,24,
D9741IVBK      ,VestCarFjoMmKARAG U ,POLY/ROSA ,KARA,KARA GIRL,13,370.45,"4,815.85",1.4,4,"3,032.60",880.44,29,"1,550.80",51.1,3.2,335,23.5,147,42,
BR4069PLBN     ,BraziUsfPolyMAMIA U ,POLY/CAFE ,KORU,KORUS SALES,39,41.89,"1,633.71",2.4,7,"1,820.91",303.45,16.7,"1,527.68",83.9,2,1030,15.2,144,14,
6212PBKWH      ,BlusClCasMcFRESH U  ,POLY/RAYA ,FREH,FRESHMINT,7,251.35,"1,759.45",0.5,6,"3,032.61","1,010.85",33.3,"1,524.51",50.3,7.2,728,46.2,145,19,
WT0410         ,JeanCiTuPdeJC&JQ U  ,ALGD/1P1B ,JC&J,JC&JQ,6,224.89,"1,349.34",0.4,7,"3,052.18","1,056.54",34.6,"1,477.95",48.4,8.8,830,53.8,148,25,
GT025BWH       ,BlusClUsfMlZENAN U  ,POLY/BLAN ,ZENA,ZENANA,10,156.1,"1,561.00",0.4,11,"3,180.43","1,363.01",42.9,"1,463.33",46,8.5,726,52.4,143,7,
32058WHBL      ,FaldMiniZiPanDECOS U,ALGD/FLOR ,DECS,DECO STYLE,15,132.29,"1,984.35",1.6,4,"1,954.33",567.39,29,"1,421.42",72.7,2.8,757,21.1,278,9,
LP91895MITP    ,PantForCiRePdeHAVE U,ALGD/TAUP ,MUST,MUST HAVE,3,238.12,714.36,0.2,6,"2,772.00","1,188.00",42.9,"1,343.28",48.5,12,1128,66.7,143,42,
4092615SNV     ,PantCiRePdeBECOO U  ,POLY/AZUL ,BECO,BE COOL,12,251.35,"3,016.20",0.9,6,"2,830.44","1,213.02",42.9,"1,322.34",46.7,4.8,421,33.3,147,24,
HT3733DBL      ,VestCacCcaMcCHOCO U ,JEAN/AZUL ,CHOC,CHOCOLATE,8,343.95,"2,751.60",0.7,5,"3,028.25","1,297.85",42.9,"1,308.50",43.2,5.7,435,38.5,146,15,
SW485BIV       ,SuetCvBotMlCIELO U  ,VISC/IVOR ,CIEL,CIELO,4,158.74,634.96,0.2,9,"2,726.08",991.28,36.4,"1,297.42",47.6,13.5,1226,69.2,148,22,
2221SCBK       ,BraziEncaPolySPREE U,POLY/NEGR ,KORU,KORUS SALES,48,52.91,"2,539.68",1.6,13,"1,948.00","1,669.38",85.7,"1,260.17",64.7,2.9,524,21.3,143,7,
B5010          ,JeanCaAcaPdeCESTT U ,ALGD/PREV ,CEST,C EST TOI,9,360.31,"3,242.79",1,4,"2,682.17",778.71,29,"1,240.93",46.3,4.4,376,30.8,148,27,
0099MST        ,PantCaTuPdeCIELO U  ,ALGD/1P1B ,CIEL,CIELO,7,185.2,"1,296.40",0.4,7,"2,535.19","1,086.54",42.9,"1,238.79",48.9,8,764,50,148,52,
D342661NV      ,PantCiReBroPdeDAZZ U,POLY/AZUL ,DAZZ,DAZZ,8,297.65,"2,381.20",0.7,5,"2,723.90","1,167.40",42.9,"1,235.65",45.4,5.7,474,38.5,147,9,
B4657          ,JeanCaTuPanCESTT U  ,ALGD/2P2B ,CEST,C EST TOI,1,344.24,344.24,0.1,6,"3,268.68","1,400.88",42.9,"1,234.84",37.8,18,1093,85.7,422,25,
20078WWH       ,BraziUsfPolyALWAY U ,POLY/BLANC,KORU,KORUS SALES,45,92.6,"4,167.00",4.8,4,"1,596.52",0,0,"1,226.12",76.8,1,338,8.2,143,43,
BE3762LBL      ,VestCcaCorSmPAPER U ,JEAN/PREL ,XPAM,PAPERMOON,15,304.26,"4,563.90",1.3,5,"2,723.90","1,167.40",42.9,"1,202.60",44.1,3.4,271,25,147,34,
2230RPRSV      ,BraziEncaPolySPREE U,POLY/NEGR ,KORU,KORUS SALES,14,66.14,925.96,1,6,"1,565.23",313.01,20,"1,168.39",74.6,4.2,1247,30,143,25,
GP2100BK       ,PantCiTuPdeJC&JQ U  ,ALGD/NEGR ,JC&J,JC&JQ,17,238.12,"4,048.04",1.5,5,"2,332.59",819.56,35.1,"1,141.99",49,3,288,22.7,148,45,
J1367GYWH      ,SuetGorRayMlSUGAR U ,ALGD/RAYA ,ACTI,ACTIVE USA,5,191.82,959.1,0.1,17,"4,397.90","4,397.73",100,"1,136.96",25.9,15.1,527,77.3,148,8,
D9751FUPKBK    ,VestCarFjaMmKARAG U ,POLY/FLOR ,KARA,KARA GIRL,5,324.15,"1,620.75",0.5,4,"2,422.60","1,038.28",42.9,"1,126.00",46.5,6.9,595,44.4,147,52,
LP91895MIBK    ,PantForCiRePdeHAVE U,ALGD/NEGR ,MUST,MUST HAVE,7,238.12,"1,666.84",0.6,5,"2,310.00",990,42.9,"1,119.40",48.5,6.3,594,41.7,143,25,
2230RPWH       ,BraziEncaPolySPREE U,POLY/BLAN ,KORU,KORUS SALES,19,66.14,"1,256.66",1.2,7,"1,565.26",626.02,40,"1,102.28",70.4,3.7,889,26.9,143,25,
8934BCRM       ,VestCarClMmKLAXO U  ,ALGD/CREM ,KLAX,KLAXONS,0,436.55,0,0,3,"2,364.78","1,013.49",42.9,"1,055.13",44.6,24,1934,100,146,57,
91067MT        ,BlusCvCasMlCATWA U  ,ALGD/ZIGZ ,CATW,CATWALK,3,277.8,833.4,0.3,4,"2,179.12",933.92,42.9,"1,049.02",48.1,9.5,882,57.1,279,25,
HT3733BL       ,VestCacCcaMcCHOCO U ,JEAN/AZUL ,CHOC,CHOCOLATE,5,343.95,"1,719.75",0.5,4,"2,422.60","1,038.28",42.9,"1,046.80",43.2,6.9,522,44.4,146,25,
HJ3101DKRN     ,VestCacClBrMlJC&JQ U,JEAN/AZUL ,JC&J,JC&JQ,3,343.95,"1,031.85",0.4,3,"2,076.52",519.14,25,"1,044.67",50.3,8,810,50,148,47,
0077KA         ,PantCaRecPdeCIELO U ,ALGD/1P1B ,CIEL,CIELO,7,370.4,"2,592.80",0.3,9,"4,371.66","1,873.53",42.9,"1,038.06",23.7,9.4,292,56.3,1694,25,
D9644BKHU      ,VestForCvmMKARAG U  ,POLY/TRIA ,KARA,KARA GIRL,7,382.55,"2,677.85",1,3,"2,182.17",935.22,42.9,"1,034.52",47.4,4.2,382,30,211,50,
D5441BKWH      ,VestCarClMmDRESS U  ,POLY/PELO ,DRES,DRESS CODE,0,289.42,0,0,4,"2,179.12",933.92,42.9,"1,021.44",46.9,24,2118,100,146,54,
JAC01BL        ,BlusCcaCasMlPAPAR U ,JEAN/PREL ,CLAS,CLASSIC BLUE,20,291.03,"5,820.60",2.1,4,"2,179.12",933.92,42.9,"1,015.00",46.6,2.2,190,16.7,147,9,
D9748WN        ,VestCarFjaMmKARAG U ,POLY/WINE ,KARA,KARA GIRL,8,335.72,"2,685.76",1.1,3,"1,999.56",856.95,42.9,992.4,49.6,3.8,373,27.3,147,25,
D9749YLWHBK    ,VestCarFjaPolKARAG U,POLY/FLOR ,KARA,KARA GIRL,4,335.72,"1,342.88",0.6,3,"1,999.56",856.95,42.9,992.4,49.6,6.5,645,42.9,147,74,
DNP173BK       ,PantCaTuPdeTIMIN U  ,ALGD/NEGR ,TIMI,THE TIMING ,3,231.5,694.5,0.3,5,"2,131.31",673.04,31.6,973.81,45.7,10.9,918,62.5,143,18,
RT9020NVWH     ,BlusCvCasM34ZENAN U ,RAYO/RAYA ,ZENA,ZENANA,5,138.9,694.5,0.3,8,"2,069.60",886.96,42.9,958.4,46.3,10.7,920,61.5,143,40,
D9709BEPK      ,VestCarFjaSmKARAG U ,NYLO/BEIG ,KARA,KARA GIRL,1,347.3,347.3,0.1,3,"1,999.56",856.95,42.9,957.66,47.9,14.4,1324,75,147,50,
D9684WN        ,VestClFjaSmKARAG U  ,POLY/WINE ,KARA,KARA GIRL,4,335.72,"1,342.88",0.9,2,"1,618.69",285.65,17.6,947.25,58.5,4.8,677,33.3,147,25,
320510BKCLGN   ,FaldMiniZiPanDECOS U,ALGD/FLOR ,DECS,DECO STYLE,7,132.29,926.03,1,3,"1,323.90",567.39,42.9,927.03,70,4.2,989,30,146,22,
BR9495PWH      ,BraziUsfPolyMAMIA U ,POLY/BLAN ,UNIO,UNION HOSIER,17,37.48,637.16,0.8,9,"1,248.83","1,560.70",125,911.51,73,5,1357,34.6,143,49,
S9752RDBK      ,FaldCarFlorKARAG U  ,RAYO/FLOR ,KARA,KARA GIRL,9,277.84,"2,500.56",1,4,"2,008.68",860.88,42.9,897.32,44.7,4.4,352,30.8,147,18,
0099KH         ,PantCaTuPdeCIELO U  ,ALGD/1P1B ,CIEL,CIELO,6,185.2,"1,111.20",0.5,5,"1,810.85",776.1,42.9,884.85,48.9,7.1,675,45.5,148,25,
4092615SBK     ,PantCiRePdeBECOO U  ,POLY/NEGR ,BECO,BE COOL,10,251.35,"2,513.50",1.1,4,"1,886.96",808.68,42.9,881.56,46.7,4,351,28.6,147,44,
98966CF809BKCR ,BlusCcBotM3/4HAVE U ,POLY/CUAD ,MUST,MUST HAVE,2,264.57,529.14,0.2,4,"1,935.64",829.56,42.9,877.36,45.3,12,995,66.7,145,22,
C1876          ,JeanCiTuPdeCESTT U  ,ALGD/ROTO ,CEST,C EST TOI,19,205,"3,895.00",2,4,"1,692.20",725.2,42.9,872.2,51.5,2.3,243,17.4,149,145,
S9013RY        ,FaldCiPanZipKARAG U ,POLY/DISE ,KARA,KARA GIRL,15,185.23,"2,778.45",0.8,8,"2,328.29","1,810.83",77.8,846.45,36.4,5.1,289,34.8,147,7,
D5329TCNVPK    ,VestCarClMmDRESS U  ,POLY/FLOR ,DRES,DRESS CODE,1,312.57,312.57,0.2,2,"1,470.87",259.57,17.6,845.73,57.5,12,1623,66.7,146,69,
SBT7749HLKH    ,FajaHebUsfCueJOIA U ,CUER/KAKI ,JOIA,JOIA TRADING,3,119.06,357.18,0.4,3,"1,197.39",0,0,840.21,70.2,8,1882,50,144,139,
31095BGIV      ,VestCarClMcAMBIA U  ,POLY/RAYA ,AMBI,AMBIANCE,3,191.82,575.46,0.4,3,"1,408.70",352.18,25,833.24,59.1,8,1158,50,147,47,
20078NBE       ,BraziUsfPolyALWAY U ,POLY/BEIG ,KORU,KORUS SALES,24,92.6,"2,222.40",2.6,4,"1,197.43",399.09,33.3,827.03,69.1,1.8,412,14.3,143,25,
SW555CLNV      ,SuetCvBotMlCIELO U  ,VISC/RAYA ,CIEL,CIELO,10,185.2,"1,852.00",0.9,5,"1,750.00",750,42.9,824,47.1,4.8,427,33.3,148,45,
J9370BK        ,JackCvBroMlKARAG U  ,POLY/NEGR ,KARA,KARA GIRL,3,334.73,"1,004.19",0.4,3,"1,816.95",778.71,42.9,812.76,44.7,8,647,50,211,50,
320512WHPR     ,FaldMiniZiPanDECOS U,ALGD/FLOR ,DECS,DECO STYLE,4,132.29,529.16,0.9,2,"1,071.73",189.13,17.6,807.15,75.3,4.8,1464,33.3,146,24,
J1410NV        ,ChumCtUsfMlACTIV U  ,POLY/AZUL ,ACTI,ACTIVE USA,0,343.95,0,0,9,"3,893.49","3,893.49",100,797.94,20.5,24,619,100,148,45,
T4467BBKWH     ,CardAbiRayaMlCELIN U,POLY/RAYA ,KLAX,KLAXONS,3,205.04,615.12,0.3,5,"1,793.50",923.9,51.5,768.3,42.8,10.9,818,62.5,146,49,
D5533BKWH      ,VestCarClSmDRESS U  ,POLY/CUAD ,DRES,DRESS CODE,1,289.42,289.42,0.1,3,"1,634.34",700.44,42.9,766.08,46.9,14.4,1271,75,146,42,
8934BKKH       ,VestCarClMmKLAXO U  ,ALGD/NEGR ,KLAX,KLAXONS,7,410.09,"2,870.63",1.5,2,"1,576.52",675.66,42.9,756.34,48,3,277,22.2,146,70,
D5499BKWH      ,VestCarCcMmDRESS U  ,POLY/CUAD ,DRES,DRESS CODE,1,289.42,289.42,0.2,2,"1,323.04",233.48,17.6,744.2,56.2,12,1543,66.7,146,106,
J9747RYBK      ,JackCvBotM3/4KARAG U,RAYO/FLOR ,KARA,KARA GIRL,10,324.15,"3,241.50",0.9,5,"2,336.09","1,990.01",85.2,715.34,30.6,4.8,212,33.3,147,83,
1101NVWH       ,VestCacCvSmCAPRI U  ,POLY/AZUL ,ILCA,IL Capriccio,7,370.4,"2,592.80",1.5,2,"1,454.78",623.48,42.9,713.98,49.1,3,289,22.2,145,10,
ST9421JD       ,Conj2pzSuePanACTIV U,ALGD/JADE ,ACTI,ACTIVE USA,10,305.05,"3,050.50",2.1,2,"1,323.11",233.49,17.6,713.01,53.9,2.2,255,16.7,113,111,
IT5929WH       ,BlusCvCasM34IRIS U  ,RAYO/USF  ,IRIS,IRIS,2,158.74,317.48,0.2,5,"1,506.50",645.65,42.9,712.8,47.3,13.3,1197,71.4,147,25,
T9518MT        ,BlusClCasM34SUGAR U ,POLY/MULT ,ACTI,ACTIVE USA,4,158.74,634.96,0.3,5,"1,506.50",645.65,42.9,712.8,47.3,9.2,829,55.6,148,91,
0099BK         ,PantCaTuPdeCIELO U  ,ALGD/1P1B ,CIEL,CIELO,0,185.2,0,0,4,"1,448.68",620.88,42.9,707.88,48.9,24,2293,100,148,25,
T1135BG        ,BlusClCasM34ACTIV U ,RAYO/VINO ,ACTI,ACTIVE USA,3,185.2,555.6,0.2,8,"2,173.07","1,966.05",90.5,691.47,31.8,13.7,640,72.7,148,42,
SBE51592BK     ,FajaHebUsfElaJOIA U ,ELAS/NEGR ,JOIA,JOIA TRADING,16,92.6,"1,481.60",2.3,3,962.61,0,0,684.81,71.1,2.1,507,15.8,144,139,
1589DRDGNNV    ,VestCarCvM34RENEE U ,RAYO/ZIGZ ,SOCO,"SO COOL, INC",0,324.15,0,0,2,"1,333.04",571.3,42.9,684.74,51.4,24,2535,100,145,50,
T4365BTLBK     ,BlusClCollMcKLAXO U ,POLY/BORD ,CELI,CELINE BY,0,257.03,0,0,3,"1,451.73",622.17,42.9,680.64,46.9,24,2118,100,212,25,
ST9421NV       ,Conj2pzSuePanACTIV U,ALGD/AZUL ,ACTI,ACTIVE USA,8,305.05,"2,440.40",0.4,8,"3,113.04","3,113.36",100,672.64,21.6,8,221,50,113,3,
13640D15MT     ,VestCarRayZipLESHO U,RAYO/FLOR ,LESH,LESHOP USA,4,330.72,"1,322.88",0.9,2,"1,333.04",571.3,42.9,671.6,50.4,4.8,487,33.3,146,25,
GT025BRD       ,BlusClUsfMlZENAN U  ,POLY/ROJO ,ZENA,ZENANA,15,156.1,"2,341.50",1.3,5,"1,445.65",619.55,42.9,665.15,46,3.4,292,25,143,9,
D9768BKWH      ,VestCarFjaCvKARAG U ,POLY/NEGR ,KARA,KARA GIRL,1,335.72,335.72,0.2,2,"1,333.04",571.3,42.9,661.6,49.6,12,1182,66.7,147,50,
SW555NVGN      ,SuetCvBotMlCIELO U  ,VISC/RAYA ,CIEL,CIELO,7,185.2,"1,296.40",0.8,4,"1,400.00",600,42.9,659.2,47.1,5.3,475,36.4,148,25,
W7261          ,JeanCaTuB2PanCESTT U,ALGD/2P2B ,CEST,C EST TOI,6,238.07,"1,428.42",0.9,3,"1,360.44",583.05,42.9,646.23,47.5,4.8,434,33.3,149,25,
GT1030AWH      ,BlusCcaBotMlTIMIN U ,ALGD/BLAN ,TIMI,THE TIMING ,1,231.5,231.5,0.1,4,"1,570.44",673.04,42.9,644.44,41,16,1114,80,143,25,
D9623IVBK      ,VestForCvmMKARAG U  ,POLY/RAYA ,KARA,KARA GIRL,0,346.69,0,0,2,"1,333.04",571.3,42.9,639.66,48,24,2214,100,211,79,
DV1029NV       ,ChaqCvUsfMlDVDN U   ,ALGD/AZUL ,DVDN,DV DN CLOTHI,13,231.53,"3,009.89",1.9,3,"1,323.90",567.39,42.9,629.31,47.5,2.5,225,18.8,146,6,
D9682WHNV      ,VestCarFjaSmKARAG U ,ALGD/FLOR ,KARA,KARA GIRL,4,370.45,"1,481.80",0.9,2,"1,369.56",586.96,42.9,628.66,45.9,4.8,407,33.3,147,25,
2230RPBK       ,BraziEncaPolySPREE U,POLY/NEGR ,KORU,KORUS SALES,8,66.14,529.12,0.7,5,939.18,626.02,66.7,608.48,64.8,5.7,1051,38.5,143,25,
J9747RDBK      ,JackCvBotM3/4KARAG U,RAYO/FLOR ,KARA,KARA GIRL,6,324.15,"1,944.90",0.6,4,"1,903.48","1,557.40",81.8,606.88,31.9,6,281,40,147,83,
DR5161BLWH     ,VestCacCcaSmTIMIN U ,JEAN/AZUL ,TIMI,THE TIMING ,8,363.79,"2,910.32",1.7,2,"1,333.04",571.3,42.9,605.46,45.4,2.7,222,20,143,25,
BR9495PBK      ,BraziUsfPolyMAMIA U ,POLY/NEGR ,UNIO,UNION HOSIER,31,37.48,"1,161.88",1.5,9,936.69,"1,872.84",199.9,599.37,64,3,541,22.5,143,14,
2221SCWH       ,BraziEncaPolySPREE U,POLY/BLAN ,KORU,KORUS SALES,55,52.91,"2,910.05",1.6,15,"1,391.60","2,782.30",199.9,597.95,43,2.9,215,21.4,143,7,
CJ9172MBL      ,VestCacCcaMcCHIQL U ,JEAN/AZUL ,CHIQ,CHIQLE,1,370.4,370.4,0.2,2,"1,333.04",571.3,42.9,592.24,44.4,12,959,66.7,147,50,
11521LTBL      ,BlusCcaBotSmBAJEE U ,ALGD/CUAD ,BECO,BE COOL,7,171.97,"1,203.79",0.8,4,"1,278.24",547.84,42.9,590.36,46.2,5.3,458,36.4,147,36,
11521PK        ,BlusCcaBotSmBAJEE U ,ALGD/CUAD ,BECO,BE COOL,2,171.97,343.94,0.2,4,"1,278.24",547.84,42.9,590.36,46.2,12,1030,66.7,147,52,
D9298BRDWH     ,VestForCvMmKLAXO U  ,POLY/RAYA ,KLAX,KLAXONS,0,363.79,0,0,1,952.17,0,0,588.38,61.8,24,3882,100,146,38,
12713DWHBLBK   ,BlusCvCasMmIJOAH U  ,POLY/RAYA ,IJOA,I JOAH,2,218.27,436.54,0.3,3,"1,232.61",528.27,42.9,577.8,46.9,10.3,908,60,146,25,
T4481NV        ,BlusClCasMmKLAXO U  ,POLY/AZUL ,KLAX,KLAXONS,3,231.5,694.5,0.4,3,"1,269.15",543.9,42.9,574.65,45.3,8,662,50,146,44,
RV105NV        ,FaldRodFjCiPdeDIVA U,POLY/AZUL ,DIVA,DIVA USA,15,145.52,"2,182.80",1.6,4,"1,156.52",495.64,42.9,573.47,49.6,2.8,277,21.1,279,25,
65543OL        ,ChumGorBroMlAMBIA U ,ALGD/OLIV ,AMBI,AMBIANCE,0,337.33,0,0,6,"2,595.66","2,595.66",100,571.68,22,24,678,100,148,25,
677851RYWHBK   ,JumpCvCasSmAMBIA U  ,POLY/GEOM ,AMBI,AMBIANCE,0,171.97,0,0,3,"1,086.51",465.66,42.9,570.6,52.5,24,2654,100,147,54,
30600MC        ,ChaqCxUsfM34BECOO U ,RAYO/MOCA ,BECO,BE COOL,5,310.87,"1,554.35",1.1,2,"1,186.96",508.7,42.9,565.22,47.6,4,364,28.6,147,122,
B1486BK        ,CardCxCasM3/4SKYPL U,RAYO/NEGR ,SKYP,SKY PLUS,5,231.5,"1,157.50",1.1,2,"1,027.40",181.3,17.6,564.4,54.9,4,488,28.6,145,24,
11654BKWH      ,BlusClCasMmBECOO U  ,RAYO/RAYA ,BECO,BE COOL,2,158.74,317.48,0.2,4,"1,205.20",516.52,42.9,563.84,46.8,11.9,1050,66.7,279,82,
J9776RDBK      ,JackCvBroMlKARAG U  ,POLY/ROJO ,KARA,KARA GIRL,9,324.15,"2,917.35",1.9,2,"1,211.30",519.14,42.9,563,46.5,2.4,208,18.2,147,47,
95921TPBK      ,VestCrFjaSmHAVE U   ,POLY/NEGR ,MUST,MUST HAVE,4,264.57,"1,058.28",0.9,2,"1,089.56",466.96,42.9,560.42,51.4,4.8,508,33.3,145,50,
D5464LCWH      ,VestCarClMcDRESS U  ,NYLO/CUAD ,DRES,DRESS CODE,15,232.85,"3,492.75",6.4,1,865.22,0,0,552.65,63.9,0.9,152,6.3,146,72,
EX007BK        ,BoxeUsfNyloMOPAS U  ,NYLO/NEGR ,UNIO,UNION HOSIER,24,37.48,899.52,0.9,11,956.62,"1,147.68",120,544.34,56.9,4.5,591,31.4,143,39,
BR1047WWH      ,BraziUsfPolyMAMIA U ,POLY/BLAN ,UNIO,UNION HOSIER,8,40.79,326.32,1.7,2,624.34,0,0,542.76,86.9,2.7,1774,20,143,120,
GT025BLBL      ,BlusClUsfMlZENAN U  ,POLY/AZUL ,ZENA,ZENANA,5,156.1,780.5,0.5,4,"1,156.52",495.64,42.9,532.12,46,6.9,584,44.4,143,25,
GT025BNV       ,BlusClUsfMlZENAN U  ,POLY/AZUL ,ZENA,ZENANA,7,156.1,"1,092.70",0.8,4,"1,156.52",495.64,42.9,532.12,46,5.3,455,36.4,143,35,
B4995          ,JeanCiTuPdeCESTT U  ,ALGD/PREL ,CEST,C EST TOI,1,340,340,0.2,2,"1,211.30",519.14,42.9,531.3,43.9,12,938,66.7,149,145,
0099OL         ,PantCaTuPdeCIELO U  ,ALGD/1P1B ,CIEL,CIELO,3,185.2,555.6,0.4,3,"1,086.51",465.66,42.9,530.91,48.9,8,764,50,148,54,
T1135NV        ,BlusClCasM34ACTIV U ,RAYO/AZUL ,ACTI,ACTIVE USA,2,185.2,370.4,0.3,3,"1,086.51",465.66,42.9,530.91,48.9,10.3,983,60,148,25,
D50517GYBK     ,VestCarCasMcPOTTE U ,POLY/RAYA ,XPOT,POTTERS POT,5,337.33,"1,686.65",2.1,1,865.22,0,0,527.89,61,2.2,341,16.7,145,24,
1156115WH      ,BlusCvUsfM34BAJEE U ,RAYO/BLAN ,BECO,BE COOL,2,198.43,396.86,0.4,2,923.92,163.04,17.6,527.06,57,8,1062,50,147,42,
SW485BTL       ,SuetCvBotMlCIELO U  ,VISC/TEAL ,CIEL,CIELO,3,158.74,476.22,0.3,4,"1,156.52",495.64,42.9,521.56,45.1,9.6,789,57.1,148,52,
RT9190IV       ,BlusClUsfMcZENAN U  ,ALGD/IVOR ,ZENA,ZENANA,13,105.83,"1,375.79",1.1,5,"1,050.00",450,42.9,520.85,49.6,3.9,381,27.8,143,24,
67572XLRD      ,BlusCoCasMcAMBIA U  ,ENCA/ROJO ,AMBI,AMBIANCE,5,132.29,661.45,0.4,5,"1,202.20",515.2,42.9,520.83,43.3,8.2,624,50,279,9,
JP604BRY       ,BlusCvCasM34FRESH U ,POLY/ROYA ,FREH,FRESHMINT,8,264.57,"2,116.56",1.1,3,"1,313.47",760.43,57.9,519.76,39.6,3.8,248,27.3,145,19,
80356BKWH      ,BlusCcaBotM34BECOO U,POLY/CUAD ,BECO,BE COOL,5,304.26,"1,521.30",1.1,2,"1,126.10",482.6,42.9,517.58,46,4,340,28.6,147,133,
HP2409         ,JeanCiTuPdeJC&JQ U  ,ALGD/ROTO ,JC&J,JC&JQ,7,291.03,"2,037.21",1.5,2,"1,089.56",466.96,42.9,507.5,46.6,3,262,22.2,148,25,
D70873NVCR     ,BlusClCasMlPOTTE U  ,ALGD/RAYA ,XPOT,POTTERS POT,1,310.87,310.87,0.2,2,"1,126.10",482.6,42.9,504.36,44.8,12,973,66.7,145,25,
IT6700WH       ,BlusClCasMcIRIS U   ,POLY/BLAN ,IRIS,IRIS,3,145.52,436.56,0.3,4,"1,083.48",464.36,42.9,501.4,46.3,9.6,827,57.1,147,25,
D70971KH       ,BlusClCasMcPOTTE U  ,RAYO/KAKI ,XPOT,POTTERS POT,3,284.42,853.26,0.6,2,"1,065.22",456.52,42.9,496.38,46.6,6,524,40,145,136,
D70971TL       ,BlusClCasMcPOTTE U  ,RAYO/TEAL ,XPOT,POTTERS POT,4,284.42,"1,137.68",0.9,2,"1,065.22",456.52,42.9,496.38,46.6,4.8,419,33.3,145,124,
320BE          ,TobiUsfNyloANGEL U  ,NYLO/BEIG ,KORU,KORUS SALES,62,13.23,820.26,1.1,24,813.84,0,0,496.32,61,3.9,608,27.9,143,34,
89825LW425BLWH ,BlusClCasRayMlHAVE U,RAYO/RAYA ,MUST,MUST HAVE,3,185.2,555.6,0.4,3,"1,050.00",450,42.9,494.4,47.1,8,712,50,145,25,
DBS78105NV     ,FaldRodCiPdeDENIM U ,ALGD/AZUL ,DENM,DENIM BLVD,1,185.2,185.2,0.1,3,"1,050.00",450,42.9,494.4,47.1,14.4,1281,75,147,122,
SKT144HU       ,BlusClCasMcDIVA U   ,POLY/DISE ,DIVA,DIVA USA,11,185.2,"2,037.20",1.6,3,"1,050.00",450,42.9,494.4,47.1,2.9,256,21.4,146,22,
SW555BKWH      ,SuetCvBotMlCIELO U  ,VISC/RAYA ,CIEL,CIELO,13,185.2,"2,407.60",1.9,3,"1,050.00",450,42.9,494.4,47.1,2.5,221,18.8,148,15,
HP2175NVWH     ,JumpLarCcaM34THEHA U,RAYO/FLOR ,THEH,THE HANGER,0,285.74,0,0,1,778.26,0,0,492.52,63.3,24,4137,100,143,50,
CH780SL        ,FajaCadeMetaI U     ,META/SILV ,JOIA,JOIA TRADING,3,92.6,277.8,0.6,2,676.52,0,0,491.32,72.6,6,1592,40,144,139,
BT6569BG       ,BlusClCasMcPAPER U  ,POLY/VINO ,XPAM,PAPERMOON,7,198.43,"1,389.01",1,3,"1,086.51",465.66,42.9,491.22,45.2,4.2,349,30,147,102,
JO062130GD     ,FajaHebUsfCueJOIA U ,CUER/DORA ,JOIA,JOIA TRADING,5,52.91,264.55,0.7,3,649.56,0,0,490.83,75.6,5.5,1713,37.5,144,139,
J1402BE        ,BlezeCasUsfMlACTIV U,POLY/BEIG ,ACTI,ACTIVE USA,3,257.96,773.88,0.3,4,"1,520.86","1,244.34",81.8,489.02,32.2,9.6,455,57.1,148,25,
89899PJ434GYBK ,BlusClCasM3/4HAVE U ,RAYO/RAYA ,MUST,MUST HAVE,4,185.2,740.8,0.9,2,850,150,17.6,479.6,56.4,4.8,622,33.3,145,25,
J1441NV        ,ChaqClRayMlACTIV U  ,RAYO/AZUL ,ACTI,ACTIVE USA,1,171.97,171.97,0.1,3,995.22,426.51,42.9,479.31,48.2,14.4,1338,75,148,25,
RT9020BKWH     ,BlusCvCasM34ZENAN U ,RAYO/RAYA ,ZENA,ZENANA,3,138.9,416.7,0.3,4,"1,034.80",443.48,42.9,479.2,46.3,9.6,828,57.1,143,42,
RT9020WHBK     ,BlusCvCasM34ZENAN U ,RAYO/RAYA ,ZENA,ZENANA,1,138.9,138.9,0.1,4,"1,034.80",443.48,42.9,479.2,46.3,16,1380,80,143,25,
CSD325WN       ,VestCalClSmCLARA U  ,POLY/WINE ,CLAR,Clara Story,2,515.92,"1,031.84",0.9,1,970.87,416.09,42.9,454.95,46.9,4.8,423,33.3,145,91,
30600NV        ,ChaqCxUsfM34BECOO U ,RAYO/AZUL ,BECO,BE COOL,15,310.87,"4,663.05",1.6,4,"1,695.64","1,695.68",100,452.16,26.7,2.8,103,21.1,147,49,
T4436BKKH      ,BlusCvCasMcKLAXO U  ,NYLO/ENCA ,KLAX,KLAXONS,6,257.96,"1,547.76",1.3,2,967.82,414.78,42.9,451.9,46.7,3.4,300,25,146,25,
IP6366CL       ,JumpLargCcaBotIRIS U,POLY/CORA ,IRIS,IRIS,2,198.43,396.86,0.4,2,846.1,362.6,42.9,449.24,53.1,8,906,50,147,55,
W7127          ,JeanCaTuPanCESTT U  ,ALGD/2P2B ,CEST,C EST TOI,1,233.53,233.53,0.1,3,"1,148.28",664.77,57.9,447.69,39,14.4,920,75,148,25,
QT1471JD       ,BlusClCasMmZENAN U  ,POLY/JADE ,ZENA,ZENANA,1,129.64,129.64,0.1,3,832.7,208.18,25,443.78,53.3,14.4,1643,75,143,25,
T1390RDBK      ,BlusCcaCuaMlACTIV U ,ALGD/CUAD ,ACTI,ACTIVE USA,3,171.97,515.91,0.4,3,958.68,410.88,42.9,442.77,46.2,8,687,50,148,37,
6212PNVWH      ,BlusClCasMcFRESH U  ,POLY/RAYA ,FREH,FRESHMINT,0,251.35,0,0,2,943.48,404.34,42.9,440.78,46.7,24,2104,100,145,55,
T4427BBG       ,BlusClCasMmCELIN U  ,RAYO/VINO ,KLAX,KLAXONS,1,251.35,251.35,0.2,2,943.48,404.34,42.9,440.78,46.7,12,1052,66.7,146,25,
TA8704JD       ,BlusClCasMcMINE U   ,POLY/JADE ,MINE,MINE EDGE,3,155.57,466.71,0.4,3,903.9,387.39,42.9,437.19,48.4,8,749,50,147,25,
WJ760DK        ,BlusCcaBotMlCESTT U ,JEAN/DARK ,CEST,C EST TOI,3,266.9,800.7,0.6,2,967.82,414.78,42.9,434.02,44.8,6,488,40,148,44,
DV1095NV       ,ChaqCvUsfM34DVDN U  ,ALGD/AZUL ,DVDN,DV DN CLOTHI,20,272.05,"5,441.00",4.3,2,967.82,414.78,42.9,423.72,43.8,1.1,89,9.1,145,17,
DV1095RY       ,ChaqCvUsfM34DVDN U  ,ALGD/ROYA ,DVDN,DV DN CLOTHI,1,272.05,272.05,0.2,2,967.82,414.78,42.9,423.72,43.8,12,935,66.7,146,50,
DV1095WN       ,ChaqCvUsfM34DVDN U  ,ALGD/VINO ,DVDN,DV DN CLOTHI,9,272.05,"2,448.45",1.9,2,967.82,414.78,42.9,423.72,43.8,2.4,187,18.2,146,23,
T5122WHBK      ,BlusCcRaySmDRESS U  ,POLY/RAYA ,DRES,DRESS CODE,2,150.5,301,0.4,2,724.34,310.44,42.9,423.34,58.4,8,1125,50,147,67,
T5122WHRY      ,BlusCcRaySmDRESS U  ,POLY/RAYA ,DRES,DRESS CODE,9,150.5,"1,354.50",1.9,2,724.34,310.44,42.9,423.34,58.4,2.4,338,18.2,147,45,
JR7220DGY      ,JumpCortUsfZENAN U  ,LINE/GRIS ,ZENA,ZENANA,4,244.73,978.92,0.9,2,911.82,390.78,42.9,422.36,46.3,4.8,414,33.3,143,25,
84356PK        ,BlumUsfPolyBIJOU U  ,POLY/ROSA ,KORU,KORUS SALES,-2,39.69,-79.38,-0.2,4,573.92,191.28,33.3,415.16,72.3,24,6276,200,144,82,
TA3069BK       ,PantCaTuPdeMINE U   ,POLY/NEGR ,MINE,MINE EDGE,2,226.87,453.74,0.3,3,"1,093.83",468.78,42.9,413.22,37.8,10.3,624,60,936,25,
T1271OFWH      ,BlusClCasM34SUGAR U ,RAYO/BLAN ,ACTI,ACTIVE USA,2,152.13,304.26,0.3,3,867.39,371.73,42.9,411,47.4,10.3,926,60,148,25,
DV1063BK       ,ChaqCvUsfM34DVDN U  ,ALGD/NEGR ,DVDN,DV DN CLOTHI,4,219.96,879.84,1.7,1,630.43,0,0,410.47,65.1,2.7,498,20,146,110,
BE3831BL       ,BlusCcaBotSmPAPER U ,JEAN/AZUL ,XPAM,PAPERMOON,19,238.12,"4,524.28",4.1,2,882.6,378.26,42.9,406.36,46,1.2,102,9.5,147,4,
GP2100RY       ,PantCiTuPdeJC&JQ U  ,ALGD/ROYA ,JC&J,JC&JQ,29,238.12,"6,905.48",6.2,2,882.6,378.26,42.9,406.36,46,0.8,68,6.5,148,3,
65639NV        ,BlusClCasMcAMBIA U  ,RAYO/AZUL ,AMBI,AMBIANCE,2,125.67,251.34,0.3,3,783.39,335.73,42.9,405.53,51.8,10.3,1101,60,314,25,
WD1479NV       ,VestCacCcaM34TIMIN U,JEAN/AZUL ,TIMI,THE TIMING ,2,317.49,634.98,0.4,2,"1,038.26",692.18,66.7,403.28,38.8,8,508,50,143,25,
B1611BG        ,BlusClCasMmSKYPL U  ,POLY/ARAB ,SKYP,SKY PLUS,3,244.73,734.19,1.3,1,647.83,0,0,403.1,62.2,3.4,565,25,145,22,
CSD354BKWHFU   ,VestCacClFjSmCLARA U,ALGD/RAYA ,CLAR,Clara Story,0,449.78,0,0,1,849.13,363.91,42.9,399.35,47,24,2131,100,145,54,
BT6607BG       ,BlusClCasMmPAPER U  ,POLY/VINO ,XPAM,PAPERMOON,6,211.66,"1,269.96",0.9,3,"1,032.62",597.82,57.9,397.64,38.5,4.8,301,33.3,147,24,
84356RY        ,BlumUsfPolyBIJOU U  ,POLY/ROYA ,UNIO,UNION HOSIER,3,35.28,105.84,0.3,5,573.94,382.56,66.7,397.54,69.3,10.9,2459,62.5,142,27,
T4427BG        ,BlusClCasMmCELIN U  ,RAYO/VINO ,KLAX,KLAXONS,5,224.89,"1,124.45",1.1,2,846.1,362.6,42.9,396.32,46.8,4,352,28.6,146,25,
TA8614CL       ,BlusClCasMmMINE U   ,POLY/CORA ,MINE,MINE EDGE,1,168.53,168.53,0.2,2,731.73,129.13,17.6,394.67,53.9,12,1405,66.7,147,25,
70023MT        ,CalcUsfPolyMAMIA U  ,POLY/MULT ,UNIO,UNION HOSIER,10,16.54,165.4,0.9,5,473.9,0,0,391.2,82.5,4.8,2271,33.3,142,85,
QT2144IV       ,BlusCvCasM34ZENAN U ,RAYO/IVOR ,ZENA,ZENANA,5,158.74,793.7,0.7,3,867.39,371.73,42.9,391.17,45.1,5.5,455,37.5,143,25,
SW485BRY       ,SuetCvBotMlCIELO U  ,VISC/ROYA ,CIEL,CIELO,2,158.74,317.48,0.3,3,867.39,371.73,42.9,391.17,45.1,10.3,845,60,148,89,
SW485BWN       ,SuetCvBotMlCIELO U  ,VISC/WINE ,CIEL,CIELO,0,158.74,0,0,3,867.39,371.73,42.9,391.17,45.1,24,1971,100,148,42,
3079GTBK       ,FaldRodUsfPdeCHOCO U,RAYO/NEGR ,CHOC,CHOCOLATE,5,185.2,926,1.1,2,760.88,326.08,42.9,390.48,51.3,4,422,28.6,146,35,
D9744BKBGPR    ,VestCarFjaMmKARAG U ,POLY/FLOR ,KARA,KARA GIRL,19,324.15,"6,158.85",4.1,2,"1,038.26",692.18,66.7,389.96,37.6,1.2,72,9.5,147,24,
LMF7023ASSTBE  ,MoldeUsfNyloKALIY U ,NYLO/BEIG ,KORU,KORUS SALES,2,66.14,132.28,0.4,2,518.26,0,0,385.82,74.4,8,2331,50,278,52,
HP2402         ,JeanCiTuPdeJC&JQ U  ,ALGD/PREL ,JC&J,JC&JQ,0,291.03,0,0,2,967.82,414.78,42.9,385.76,39.9,24,1591,100,148,66,
BT6568LA       ,BlusClCasMmPAPER U  ,POLY/LADR ,XPAM,PAPERMOON,0,218.27,0,0,2,821.74,352.18,42.9,385.2,46.9,24,2118,100,147,82,
67749RYBK      ,JumpLargArabAMBIA U ,POLY/ARAB ,AMBI,AMBIANCE,1,171.97,171.97,0.2,2,724.34,310.44,42.9,380.4,52.5,12,1327,66.7,147,25,
IT6700PK       ,BlusClCasMcIRIS U   ,POLY/ROSA ,IRIS,IRIS,7,145.52,"1,018.64",1,3,812.61,348.27,42.9,376.05,46.3,4.2,365,30,147,24,
T4046BOFWH     ,BlusCvCasMcCELIN U  ,POLY/BLAN ,CELI,CELINE BY,1,233.12,233.12,0.4,1,604.35,0,0,371.23,61.4,8,1274,50,212,27,
W191BGBE       ,BlusCcaBotMlDIVA U  ,POLY/PELO ,DIVA,DIVA USA,2,238.12,476.24,0.4,2,846.1,362.6,42.9,369.86,43.7,9.6,746,50,146,24,
GT388WH        ,BlusCcaBotMlTIMIN U ,ALGD/BLAN ,TIMI,THE TIMING ,4,178.59,714.36,0.6,3,903.9,387.39,42.9,368.13,40.7,6.5,450,42.9,143,25,
BED157ABG      ,VestCacCvM34BEAUT U ,POLY/DISE ,BEAU,BEAUTUFULLY,0,423.32,0,0,1,788.26,337.83,42.9,364.94,46.3,24,2069,100,147,122,
BED157BMT      ,VestCacClM34BEAUT U ,POLY/GEOM ,BEAU,BEAUTUFULLY,0,423.32,0,0,1,788.26,337.83,42.9,364.94,46.3,24,2069,100,147,91,
T1322AQ        ,BlusClUsfMcSUGAR U  ,RAYO/AQUA ,ACTI,ACTIVE USA,9,138.9,"1,250.10",1.3,3,776.1,332.61,42.9,359.4,46.3,3.4,296,25,148,52,
T8587SA60CLIV  ,BlusClCasMcTEENB U  ,RAYO/RAYA ,TENB,TEENBELL,4,138.9,555.6,0.6,3,776.1,332.61,42.9,359.4,46.3,6.5,565,42.9,146,54,
S9687NV        ,FaldCiPedZipKARAG U ,RAYO/AZUL ,KARA,KARA GIRL,12,277.84,"3,334.08",2.6,2,913.05,608.69,66.7,357.37,39.1,1.8,119,14.3,147,24,
4071WH         ,BlusCasClM3/4FIRST U,NYLO/BLAN ,FIRS,FIRST LOOK,3,185.23,555.69,0.6,2,724.34,310.44,42.9,353.88,48.9,6,573,40,145,25,
8934BBKKH      ,VestCarClMmKLAXO U  ,ALGD/NEGR ,KLAX,KLAXONS,1,436.55,436.55,0.4,1,788.26,337.83,42.9,351.71,44.6,8,645,50,146,25,
12185RDNV      ,BlusCcaCuaM34BECOO U,ALGD/CUAD ,BECO,BE COOL,4,205.04,820.16,0.9,2,760.88,326.08,42.9,350.8,46.1,4.8,411,33.3,147,144,
IT7052RC2NVWH  ,BlusTopClCasMmIRIS U,RAYO/RAYA ,IRIS,IRIS,6,112.44,674.64,0.9,3,684.78,293.49,42.9,347.46,50.7,4.8,494,33.3,147,17,
0077WH         ,PantCaRecPdeCIELO U ,ALGD/1P1B ,CIEL,CIELO,3,370.4,"1,111.20",0.4,3,"1,457.22",624.51,42.9,346.02,23.7,8,249,50,148,9,
0077YL         ,PantCaRecPdeCIELO U ,ALGD/1P1B ,CIEL,CIELO,4,370.4,"1,481.60",0.6,3,"1,457.22",624.51,42.9,346.02,23.7,6.5,204,42.9,148,76,
1132715TP      ,BlusCvUsfM34BAJEE U ,RAYO/TAUP ,BECO,BE COOL,7,198.43,"1,389.01",3,1,543.48,0,0,345.05,63.5,1.6,278,12.5,147,84,
C3878KH        ,BlusClUsfMcCHOCO U  ,POLY/KAKI ,CHOC,CHOCOLATE,2,198.43,396.86,0.2,4,"1,138.27",931.29,81.8,344.55,30.3,10.7,463,66.7,146,42,
91069CL        ,BlusClCasMmCATWA U  ,POLY/ENCA ,CATW,CATWALK,4,171.97,687.88,0.9,2,687.82,294.78,42.9,343.88,50,4.8,480,33.3,279,76,
1318524D15NVBKW,VestCarFjaM34LESHO U,VISC/RAYA ,LESH,LESHOP USA,0,383.63,0,0,1,727.39,311.74,42.9,343.76,47.3,24,2151,100,146,118,
5507AQ         ,BlumeUsfNyloBASEI U ,NYLO/AQUA ,UNIO,UNION HOSIER,0,41.89,0,0,4,504.4,504.28,100,336.84,66.8,24,4825,100,143,25,
67969NV        ,BlusClEncaMlAMBIA U ,ALGD/ENCA ,AMBI,AMBIANCE,0,116.41,0,0,3,684.78,293.49,42.9,335.55,49,24,2306,100,148,25,
1650DRKNVWH    ,VestCarClM34RENEE U ,POLY/ROMB ,SOCO,"SO COOL, INC",0,393.61,0,0,1,727.39,311.74,42.9,333.78,45.9,24,2035,100,145,42,
T8878VE84NVWH  ,BlusClCasMcTEENB U  ,POLY/FRAN ,TENB,TEENBELL,0,125.67,0,0,2,583.92,103.04,17.6,332.58,57,24,3176,100,146,54,
D9718WHBKCL    ,VestCarFjaMmKARAG U ,POLY/FLOR ,KARA,KARA GIRL,1,335.72,335.72,0.4,1,666.52,285.65,42.9,330.8,49.6,8,788,50,147,71,
D9732BKWH      ,VestClFjaM3/4KARAG U,POLY/ARAB ,KARA,KARA GIRL,2,335.72,671.44,0.9,1,666.52,285.65,42.9,330.8,49.6,4.8,473,33.3,147,50,
D9733RDBK      ,VestCarFjaSmKARAG U ,POLY/DISE ,KARA,KARA GIRL,5,335.72,"1,678.60",2.1,1,666.52,285.65,42.9,330.8,49.6,2.2,215,16.7,147,42,
D9753RDBK      ,VestCarFjaMmKARAG U ,POLY/FRAN ,KARA,KARA GIRL,15,335.72,"5,035.80",6.4,1,666.52,285.65,42.9,330.8,49.6,0.8,76,6.3,147,22,
D9768BKRD      ,VestCarFjaCvKARAG U ,POLY/NEGR ,KARA,KARA GIRL,2,335.72,671.44,0.9,1,666.52,285.65,42.9,330.8,49.6,4.8,473,33.3,147,58,
D9670BKWH      ,VestCarFjaClKARAG U ,POLY/PUNT ,KARA,KARA GIRL,2,335.72,671.44,0.9,1,666.48,285.63,42.9,330.76,49.6,4.8,473,33.3,147,77,
GT2461WH       ,BlusCcaBotMlTIMIN U ,ALGD/BLAN ,TIMI,THE TIMING ,13,257.96,"3,353.48",2.8,2,846.1,362.6,42.9,330.18,39,1.7,110,13.3,143,4,
GT025ANV       ,BlusCcaUsfM34ZENAN U,ALGD/AZUL ,ZENA,ZENANA,6,152.13,912.78,0.9,3,784.78,454.34,57.9,328.39,41.8,4.8,345,33.3,143,25,
OP1241BK       ,PantCiRecPdeZENAN U ,ALGD/NEGR ,ZENA,ZENANA,11,125.67,"1,382.37",1.6,3,703.05,301.29,42.9,326.04,46.4,2.9,249,21.4,143,25,
D71192BK       ,CardUsfM3/4POTTE U  ,POLY/NEGR ,XPOT,POTTERS POT,2,403.48,806.96,0.9,1,727.39,311.74,42.9,323.91,44.5,4.8,385,33.3,145,110,
ST9421RY       ,Conj2pzSuePanACTIV U,ALGD/ROYA ,ACTI,ACTIVE USA,19,305.05,"5,795.95",4.1,2,933.96,622.64,66.7,323.86,34.7,1.2,64,9.5,113,12,
D9354CL        ,VestCarClMmKLAXO U  ,ALGD/CORA ,KLAX,KLAXONS,1,343.95,343.95,0.4,1,666.52,285.65,42.9,322.57,48.4,8,750,50,146,42,
31095BKIV      ,VestCarClMcAMBIA U  ,POLY/RAYA ,AMBI,AMBIANCE,2,191.82,383.64,0.4,2,704.35,469.57,66.7,320.71,45.5,8,669,50,147,25,
GT852OGBL      ,BlusCcaBotSmCESTT U ,POLY/FLOR ,CEST,C EST TOI,5,133.6,668,0.7,3,721.32,309.12,42.9,320.52,44.4,5.5,443,37.5,149,25,
D9693BKBE      ,VestCarFjaMmKARAG U ,POLY/ANIM ,KARA,KARA GIRL,6,347.3,"2,083.80",2.6,1,666.52,285.65,42.9,319.22,47.9,1.8,170,14.3,147,49,
4195IV         ,BlusClCasClMcFIRST U,POLY/IVO  ,FIRS,FIRST LOOK,3,202.59,607.77,0.6,2,724.34,310.44,42.9,319.16,44.1,6,473,40,145,25,
4195BG         ,BlusClCasClMcFIRST U,POLY/BURG ,FIRS,FIRST LOOK,9,202.59,"1,823.31",3.9,1,517.39,0,0,314.8,60.8,1.3,196,10,145,25,
D9714NV        ,VestCarFjaMmKARAG U ,POLY/AZUL ,KARA,KARA GIRL,19,370.45,"7,038.55",8.2,1,684.78,293.48,42.9,314.33,45.9,0.6,52,5,147,3,
2007CL         ,BlusClcaUsfCtCHOIC U,SPAN/CORA ,CHOI,CHOICE,17,66.14,"1,124.38",1.2,6,712.14,305.22,42.9,312.69,43.9,3.6,281,26.1,1218,8,
32059WHGNCL    ,FaldMiniZiPanDECOS U,ALGD/FLOR ,DECS,DECO STYLE,17,132.29,"2,248.93",7.3,1,441.3,189.13,42.9,309.01,70,0.7,160,5.6,146,15,
SKT149JD       ,BlusClCasMlDIVA U   ,POLY/JADE ,DIVA,DIVA USA,2,178.59,357.18,0.4,2,663.48,284.34,42.9,306.3,46.2,8,686,50,146,77,
DB0922WH       ,JeanCaTuPdeDENIM U  ,ALGD/1P1B ,DENM,DENIM BLVD,0,211.66,0,0,1,517.39,0,0,305.73,59.1,24,3467,100,147,50,
D53582BKWHYL   ,VestCarClSmDRESS U  ,POLY/RAYA ,DRES,DRESS CODE,0,300.99,0,0,1,605.65,259.57,42.9,304.66,50.3,24,2429,100,146,122,
D5482RYWH      ,VestCarClMcDRESS U  ,POLY/RAYA ,DRES,DRESS CODE,1,300.99,300.99,0.4,1,605.65,259.57,42.9,304.66,50.3,8,810,50,146,58,
D5534NVWH      ,VestCarClSmDRESS U  ,POLY/FRAN ,DRES,DRESS CODE,1,300.99,300.99,0.4,1,605.65,259.57,42.9,304.66,50.3,8,810,50,146,88,
84356FU        ,BlumUsfPolyBIJOU U  ,POLY/FUCH ,KORU,KORUS SALES,5,39.69,198.45,1.1,2,382.6,0,0,303.22,79.3,4,1528,28.6,144,25,
98966CF806BKGY ,BlusCcBotM3/4HAVE U ,POLY/ARAB ,MUST,MUST HAVE,9,264.57,"2,381.13",1.9,2,829.56,553.04,66.7,300.42,36.2,2.4,136,18.2,145,8,
LPO5255BBN     ,BoxeUsfNyloMAMIA U  ,NYLO/CAFE ,UNIO,UNION HOSIER,1,27.56,27.56,0.1,3,382.62,191.28,50,299.94,78.4,14.4,5224,75,143,96,
LPO5255BFU     ,BoxeUsfNyloMAMIA U  ,NYLO/FUCH ,UNIO,UNION HOSIER,6,27.56,165.36,0.9,3,382.62,191.28,50,299.94,78.4,4.8,1741,33.3,143,61,
ST6500NV       ,BlusClCasM3/4VITAM U,POLY/AZUL ,VITA,VITAMINA,1,214.17,214.17,0.2,2,724.34,310.44,42.9,296,40.9,12,829,66.7,145,25,
T9848RDWH      ,BlusClcaM34ACTIV U  ,POLY/CUAD ,ACTI,ACTIVE USA,-1,171.97,-171.97,-0.2,2,639.12,273.92,42.9,295.18,46.2,24,2060,200,148,76,
LT3335NV       ,BlusClCasMcLOVER U  ,POLY/AZUL ,LOVR,LOVE REPUBLI,1,173.65,173.65,0.2,2,639.12,273.92,42.9,291.82,45.7,12,1008,66.7,145,42,
D30026JD       ,VestCacClFajSmDIVA U,ALGD/JADE ,DIVA,DIVA USA,11,317.49,"3,492.39",4.7,1,605.65,259.57,42.9,288.16,47.6,1,95,8.3,146,24,
D9737WHBK      ,VestCarFjaSmKARAG U ,POLY/BLAN ,KARA,KARA GIRL,0,324.15,0,0,1,605.65,259.57,42.9,281.5,46.5,24,2084,100,147,76,
D9751NVAQMNT   ,VestCarFjaMmKARAG U ,POLY/FLOR ,KARA,KARA GIRL,4,324.15,"1,296.60",1.7,1,605.65,259.57,42.9,281.5,46.5,2.7,232,20,147,25,
J9747IV        ,JackCvBotM3/4KARAG U,RAYO/IVOR ,KARA,KARA GIRL,5,324.15,"1,620.75",2.1,1,605.65,259.57,42.9,281.5,46.5,2.2,189,16.7,147,42,
J9776RYBK      ,JackCvBroMlKARAG U  ,POLY/DISE ,KARA,KARA GIRL,13,324.15,"4,213.95",5.6,1,605.65,259.57,42.9,281.5,46.5,0.9,77,7.1,147,38,
CST243RD       ,BlusClCasMmCLARA U  ,POLY/ROJO ,CLAR,Clara Story,3,264.57,793.71,1.3,1,544.78,233.48,42.9,280.21,51.4,3.4,363,25,145,144,
IP58631NV      ,JumpCortCvCtIRIS U  ,ALGD/AZUL ,IRIS,IRIS,1,330.72,330.72,0.4,1,605.65,259.57,42.9,274.93,45.4,8,665,50,147,54,
GT025ALBL      ,BlusCcaUsfM34ZENAN U,ALGD/CELE ,ZENA,ZENANA,4,152.13,608.52,0.9,2,578.26,247.82,42.9,274,47.4,4.8,432,33.3,143,50,
T1271PK        ,BlusClCasM34SUGAR U ,RAYO/ROSA ,ACTI,ACTIVE USA,8,152.13,"1,217.04",1.7,2,578.26,247.82,42.9,272.71,47.2,2.7,238,20,237,25,
W107BK         ,FaldMiniCiPdeDIVA U ,POLY/NEGR ,DIVA,DIVA USA,4,145.52,582.08,1.7,1,413.04,0,0,267.51,64.8,2.7,490,20,421,34,
67636WH        ,BlusCvCasMmAMBIA U  ,NYLO/BLAN ,AMBI,AMBIANCE,0,79.37,0,0,4,585.56,315.32,53.8,266.47,45.5,24,2004,100,314,25,
TA8614OL       ,BlusClCasMmMINE U   ,POLY/OLIV ,MINE,MINE EDGE,2,168.53,337.06,0.4,2,602.6,258.26,42.9,265.54,44.1,8,630,50,147,25,
SH2008LBN      ,BlumFajaNyloSUPER U ,NYLO/CAFE ,KORU,KORUS SALES,4,105.83,423.32,1.7,1,369.57,0,0,263.74,71.4,2.7,665,20,143,106,
99925GY        ,BraziUsfNyloLACY U  ,NYLO/GRIS ,UNIO,UNION HOSIER,5,48.51,242.55,2.1,1,312.17,0,0,263.66,84.5,2.2,1186,16.7,143,140,
99925LBN       ,BraziUsfNyloLACY U  ,NYLO/CAFE ,UNIO,UNION HOSIER,1,48.51,48.51,0.4,1,312.17,0,0,263.66,84.5,8,4348,50,143,140,
RT9330RDWH     ,BlusClFloMcZENAN U  ,RAYO/FLOR ,ZENA,ZENANA,9,145.52,"1,309.68",1.9,2,553.92,237.38,42.9,262.88,47.5,2.4,217,18.2,143,42,
24002BBK       ,BraziUsfPolyALWAY U ,POLY/NEGR ,KORU,KORUS SALES,32,92.6,"2,963.20",2,7,910.56,"1,213.80",133.3,262.36,28.8,2.4,97,17.9,144,25,
HJ3100AC       ,VestCacClBrSmJC&JQ U,JEAN/PREL ,JC&J,JC&JQ,2,343.95,687.9,0.9,1,605.65,259.57,42.9,261.7,43.2,4.8,365,33.3,148,66,
HS2334AC       ,VestCarCcaMlJC&JQ U ,JEAN/PREL ,JC&J,JC&JQ,33,343.95,"11,350.35",14.2,1,605.65,259.57,42.9,261.7,43.2,0.4,27,2.9,148,13,
BR4043N1BK     ,BraziUsfPolyMAMIA U ,POLY/NEGR ,KORU,KORUS SALES,14,41.89,586.46,6,1,303.48,0,0,261.59,86.2,0.8,517,6.7,144,48,
SW485BMZ       ,SuetCvBotMlCIELO U  ,VISC/MOST ,CIEL,CIELO,1,158.74,158.74,0.2,2,578.26,247.82,42.9,260.78,45.1,12,986,66.7,148,79,
T4365BGBK      ,BlusClCollMcKLAXO U ,POLY/BORD ,CELI,CELINE BY,2,233.12,466.24,0.4,2,725.22,483.48,66.7,258.98,35.7,8,444,50,212,25,
BE3995BG       ,BlusCvCasM34PAPER U ,POLY/VINO ,XPAM,PAPERMOON,1,291.03,291.03,0.4,1,544.78,233.48,42.9,253.75,46.6,8,698,50,147,25,
D70971RY       ,BlusClCasMcPOTTE U  ,RAYO/ROYA ,XPOT,POTTERS POT,1,284.42,284.42,0.4,1,532.61,228.26,42.9,248.19,46.6,8,698,50,145,62,
T4417BBKWH     ,BlazeCvBotMlKLAXO U ,POLY/RAYA ,KLAX,KLAXONS,1,284.42,284.42,0.4,1,532.61,228.26,42.9,248.19,46.6,8,698,50,146,89,
D71051BGBKWH   ,BlusClCasMcPOTTE U  ,POLY/FRAN ,XPOT,POTTERS POT,2,297.65,595.3,0.9,1,544.78,233.48,42.9,247.13,45.4,4.8,399,33.3,145,124,
H20039DK073BK  ,FaldCarPdePOTTE U   ,RAYO/NEGR ,XPOT,POTTERS POT,1,291.03,291.03,0.4,1,532.61,228.26,42.9,241.58,45.4,8,664,50,145,45,
DV1063XWH      ,ChaqCvUsfMcDVDN U   ,RAYO/BLAN ,DVDN,DV DN CLOTHI,6,243.11,"1,458.66",2.6,1,483.91,207.39,42.9,240.8,49.8,1.8,183,14.3,146,57,
IT4460DC15NVBL ,BlusCoFloM34IRIS U  ,POLY/FLOR ,IRIS,IRIS,2,138.9,277.8,0.4,2,517.4,221.74,42.9,239.6,46.3,8,690,50,147,25,
T8587SA60NVIV  ,BlusClCasMcTEENB U  ,RAYO/RAYA ,TENB,TEENBELL,4,138.9,555.6,0.9,2,517.4,221.74,42.9,239.6,46.3,4.8,414,33.3,146,25,
70023STMT      ,CalcUsfPolyMAMIA U  ,POLY/MULT ,UNIO,UNION HOSIER,7,16.54,115.78,1,3,284.34,0,0,234.72,82.5,4.2,2003,30,142,139,
JBT017GD       ,FajaCuadMetaFASHI U ,META/DORA ,JOIA,JOIA TRADING,2,105.83,211.66,0.9,1,338.26,0,0,232.43,68.7,4.8,1054,33.3,144,83,
T4416BGBKOL    ,BlusCvCasMcKLAXO U  ,POLY/RAYA ,KLAX,KLAXONS,3,238.12,714.36,0.4,3,945.66,945.63,100,231.3,24.5,8,259,50,146,25,
BR1047WBE      ,BraziUsfPolyMAMIA U ,POLY/BEIG ,UNIO,UNION HOSIER,9,40.79,367.11,1.9,2,312.2,312.14,100,230.62,73.9,2.4,678,18.2,143,120,
DV1096RBL      ,FaldRodCiPdeDVDN U  ,ALGD/ROYA ,DVDN,DV DN CLOTHI,4,185.23,740.92,0.9,2,600,400,66.7,229.54,38.3,4.8,297,33.3,146,103,
DBP50149LBL    ,JeanCaTuPmeDENIM U  ,ALGD/PREL ,DENM,DENIM BLVD,0,304.26,0,0,1,532.61,228.26,42.9,228.35,42.9,24,1801,100,147,120,
IE4181BK       ,FajaHebUsfElaJOIA U ,ELAS/NEGR ,JOIA,JOIA TRADING,10,92.6,926,4.3,1,320.87,0,0,228.27,71.1,1.1,282,9.1,144,139,
T4365BBGBK     ,BlusClCollMcKLAXO U ,POLY/BORD ,CELI,CELINE BY,6,257.03,"1,542.18",2.6,1,483.91,207.39,42.9,226.88,46.9,1.8,163,14.3,212,49,
T4365BTPBK     ,BlusClCollMcKLAXO U ,POLY/BORD ,CELI,CELINE BY,2,257.03,514.06,0.9,1,483.91,207.39,42.9,226.88,46.9,4.8,424,33.3,212,83,
91069WH        ,BlusClCasMmCATWA U  ,POLY/ENCA ,CATW,CATWALK,10,171.97,"1,719.70",2.1,2,589.56,393.04,66.7,226.1,38.4,2.1,131,16.7,279,25,
IP6366BK       ,JumpLargCcaBotIRIS U,POLY/NEGR ,IRIS,IRIS,3,198.43,595.29,1.3,1,423.05,181.3,42.9,224.62,53.1,3.4,388,25,147,37,
DV1063RY       ,ChaqCvUsfM34DVDN U  ,ALGD/ROYA ,DVDN,DV DN CLOTHI,5,219.96,"1,099.80",2.1,1,441.3,189.13,42.9,221.34,50.2,2.2,220,16.7,146,52,
BR4043N1BE     ,BraziUsfPolyMAMIA U ,POLY/BEIG ,KORU,KORUS SALES,13,41.89,544.57,2.8,2,303.51,303.45,100,219.73,72.4,1.7,450,13.3,144,12,
BR4043N1FU     ,BraziUsfPolyMAMIA U ,POLY/FUCH ,KORU,KORUS SALES,14,41.89,586.46,3,2,303.51,303.45,100,219.73,72.4,1.6,420,12.5,144,34,
6351PWH        ,BlusCvCasMcFRESH U  ,POLY/BLAN ,FREH,FRESHMINT,0,264.57,0,0,1,483.91,207.39,42.9,219.34,45.3,24,1990,100,145,87,
6523PRY        ,BlusClCasSmFRESH U  ,POLY/ROYA ,FREH,FRESHMINT,0,264.57,0,0,1,483.91,207.39,42.9,219.34,45.3,24,1990,100,145,140,
HD5192SNV      ,JumpCvFajM34SHINE U ,POLY/AZUL ,CHOC,CHOCOLATE,5,264.57,"1,322.85",2.1,1,483.91,207.39,42.9,219.34,45.3,2.2,181,16.7,146,126,
SJ1442BKBEBG   ,BlusClCasSmMINE U   ,POLY/FLOR ,MINE,MINE EDGE,1,252.8,252.8,0.4,1,471.74,202.17,42.9,218.94,46.4,8,693,50,147,25,
S1685TPCNVLGN  ,BlusCvCasMcRENEE U  ,POLY/ARAB ,SOCO,"SO COOL, INC",2,254.69,509.38,0.9,1,471.74,202.17,42.9,217.05,46,4.8,409,33.3,145,110,
11487WN        ,BlusCcaRayM34BECOO U,RAYO/VINO ,BECO,BE COOL,4,238.12,952.48,1.7,1,453.48,194.35,42.9,215.36,47.5,2.7,241,20,147,50,
T4481BBG       ,BlusClCasMmKLAXO U  ,POLY/VINO ,KLAX,KLAXONS,3,257.96,773.88,1.3,1,471.74,202.17,42.9,213.78,45.3,3.4,284,25,146,55,
GT852CLPK      ,BlusCcaBotSmCESTT U ,POLY/FLOR ,CEST,C EST TOI,7,133.6,935.2,1.5,2,480.88,206.08,42.9,213.68,44.4,3,240,22.2,149,52,
GT852NVPK      ,BlusCcaBotSmCESTT U ,POLY/FLOR ,CEST,C EST TOI,1,133.6,133.6,0.2,2,480.88,206.08,42.9,213.68,44.4,12,960,66.7,149,52,
5507BK         ,BlumeUsfNyloBASEI U ,NYLO/NEGR ,UNIO,UNION HOSIER,4,41.89,167.56,1.7,1,252.17,0,0,210.28,83.4,2.7,1339,20,143,25,
B1611NV        ,BlusClCasMmSKYPL U  ,POLY/ARAB ,SKYP,SKY PLUS,5,244.73,"1,223.65",2.1,1,453.48,194.35,42.9,208.75,46,2.2,186,16.7,145,49,
C43371GTBK     ,JumpCvFajSmCHOCO U  ,POLY/NEGR ,CHOC,CHOCOLATE,3,244.73,734.19,1.3,1,453.48,194.35,42.9,208.75,46,3.4,292,25,146,9,
TA8704WN       ,BlusClCasMcMINE U   ,POLY/VINO ,MINE,MINE EDGE,8,155.57,"1,244.56",1.7,2,516.52,344.34,66.7,205.38,39.8,2.7,176,20,147,25,
DV1105RD       ,ChaqCvUsfMlDVDN U   ,ALGD/ROJO ,DVDN,DV DN CLOTHI,1,237.32,237.32,0.4,1,441.3,189.13,42.9,203.98,46.2,8,688,50,146,25,
6382IV         ,ChaqCvUsfM34FRESH U ,POLY/IVOR ,FREH,FRESHMINT,4,238.12,952.48,1.7,1,441.3,189.13,42.9,203.18,46,2.7,228,20,145,25,
GJ012RD        ,ChaqCvUsfM34CESTT U ,POLY/ROJO ,CEST,C EST TOI,2,240.49,480.98,0.9,1,441.3,189.13,42.9,200.81,45.5,4.8,401,33.3,149,54,
T4426MT        ,BlusClCasMcKLAXO U  ,POLY/RAYA ,KLAX,KLAXONS,3,211.66,634.98,1.3,1,410.87,176.09,42.9,199.21,48.5,3.4,323,25,146,25,
T4427CRM       ,BlusClCasMmCELIN U  ,RAYO/CREM ,KLAX,KLAXONS,2,224.89,449.78,0.9,1,423.05,181.3,42.9,198.16,46.8,4.8,423,33.3,146,25,
J9447BN        ,CardAbiUsfMlACTIV U ,RAYO/CAFE ,ACTI,ACTIVE USA,0,82.02,0,0,2,359.12,153.92,42.9,195.08,54.3,24,2854,100,148,25,
NLC2442SLAQ    ,FajaOvaMetaSUPER U  ,META/SILV ,JOIA,JOIA TRADING,17,13.23,224.91,0.9,8,300.03,179.97,60,194.19,64.7,4.6,839,32,144,139,
SBT7812HLRD    ,FajaHebUsfCueJOIA U ,CUER/ROJO ,JOIA,JOIA TRADING,8,92.6,740.8,3.4,1,286.09,0,0,193.49,67.6,1.4,295,11.1,144,15,
HMP6104OL      ,JumpLarClMmHAUTE U  ,RAYO/OLIV ,IRIS,IRIS,1,218.27,218.27,0.4,1,410.87,176.09,42.9,192.6,46.9,8,706,50,147,54,
T4356NVBE      ,BlusCvCasMcKLAXO U  ,POLY/FLOR ,KLAX,KLAXONS,3,231.5,694.5,1.3,1,423.05,181.3,42.9,191.55,45.3,3.4,284,25,146,25,
T4470CRMDGN    ,BlusCvCasMlKLAXO U  ,POLY/FLOR ,KLAX,KLAXONS,1,231.5,231.5,0.4,1,423.05,181.3,42.9,191.55,45.3,8,662,50,146,25,
1864TPBWHBK    ,BlusClCasMcRENEE U  ,POLY/PUNT ,SOCO,"SO COOL, INC",0,231.53,0,0,1,423.05,181.3,42.9,191.52,45.3,24,1985,100,145,110,
IT5789ST5JDLA  ,BlusClFloM34IRIS U  ,POLY/FLOR ,IRIS,IRIS,4,152.13,608.52,0.9,2,495.65,330.43,66.7,191.39,38.6,4.8,302,33.3,147,82,
677851BKOG     ,JumpCvCasSmAMBIA U  ,POLY/GEOM ,AMBI,AMBIANCE,0,171.97,0,0,1,362.17,155.22,42.9,190.2,52.5,24,2654,100,147,54,
T4046BRY       ,BlusCvCasMcCELIN U  ,POLY/ROYA ,CELI,CELINE BY,3,233.12,699.36,1.3,1,423.05,181.3,42.9,189.93,44.9,3.4,279,25,446,133,
T4365TPBK      ,BlusClCollMcKLAXO U ,POLY/BORD ,CELI,CELINE BY,2,233.12,466.24,0.9,1,423.05,181.3,42.9,189.93,44.9,4.8,391,33.3,212,50,
JB7228DGY      ,JumpCortUsfZENAN U  ,LINE/GRIS ,ZENA,ZENANA,4,205.04,820.16,1.7,1,392.61,168.26,42.9,187.57,47.8,2.7,244,20,143,44,
65581XLRD      ,BlusClCaUsfMmAMBIA U,RAYO/ROJO ,AMBI,AMBIANCE,0,104.51,0,0,2,395.66,169.56,42.9,186.64,47.2,24,2143,100,148,57,
4197BK         ,BlusClCasClSmFIRST U,POLY/BORD ,FIRS,FIRST LOOK,6,225.74,"1,354.44",2.6,1,410.87,176.09,42.9,185.13,45.1,1.8,151,14.3,145,54,
W191NVBE       ,BlusCcaBotMlDIVA U  ,POLY/PELO ,DIVA,DIVA USA,2,238.12,476.24,0.9,1,423.05,181.3,42.9,184.93,43.7,6,466,33.3,146,18,
1132715WH      ,BlusCvUsfM34BAJEE U ,RAYO/BLAN ,BECO,BE COOL,2,198.43,396.86,0.9,1,380.44,163.04,42.9,182.01,47.8,4.8,440,33.3,147,120,
90509BBE       ,BlusCvCasM34CATWA U ,ALGD/BEIG ,CATW,CATWALK,1,211.66,211.66,0.4,1,392.61,168.26,42.9,180.95,46.1,8,684,50,147,94,
B1580BKBE      ,BlusClCasMmSKYPL U  ,POLY/RAYA ,SKYP,SKY PLUS,4,211.66,846.64,1.7,1,392.61,168.26,42.9,180.95,46.1,2.7,228,20,145,55,
B1586BKWH      ,BlusClCasMcSKYPL U  ,POLY/CUAD ,SKYP,SKY PLUS,2,211.66,423.32,0.9,1,392.61,168.26,42.9,180.95,46.1,4.8,410,33.3,145,37,
QT2144TL       ,BlusCvCasM34ZENAN U ,RAYO/TEAL ,ZENA,ZENANA,2,158.74,317.48,0.4,2,495.65,330.43,66.7,178.17,35.9,8,449,50,143,42,
SO747BK        ,PantyNyloUsfMUSIC U ,NYLO/NEGR ,JOIA,JOIA TRADING,19,52.91,"1,005.29",4.1,2,279.4,49.3,17.6,173.58,62.1,1.2,202,9.5,2254,59,
BT6607NV       ,BlusClCasMmPAPER U  ,POLY/AZUL ,XPAM,PAPERMOON,4,211.66,846.64,1.7,1,380.44,163.04,42.9,168.78,44.4,2.7,213,20,147,70,
S40309BK       ,FaldCarZipPdeNIKIB U,POLY/NEGR ,NIKI,NIKIBIKI,5,211.66,"1,058.30",2.1,1,380.44,163.04,42.9,168.78,44.4,2.2,174,16.7,146,59,
5507RD         ,BlumeUsfNyloBASEI U ,NYLO/ROJO ,UNIO,UNION HOSIER,3,41.89,125.67,0.6,2,252.2,252.14,100,168.42,66.8,6,1206,40,143,25,
HT3225BKGY     ,BlusClcasM34CHOCO U ,POLY/RAYA ,CHOC,CHOCOLATE,4,119.06,476.24,0.9,2,412.7,176.86,42.9,166.66,40.4,4.5,307,33.3,436,18,
FB490099RD     ,BlusClCasM34DESSE U ,RAYA/ROJO ,KATE,KATE COLLECT,3,185.2,555.6,1.3,1,350,150,42.9,164.8,47.1,3.4,305,25,145,9,
T1514TL        ,BlusCvBotM34ACTIV U ,RAYO/TEAL ,ACTI,ACTIVE USA,10,185.2,"1,852.00",4.3,1,350,150,42.9,164.8,47.1,1.1,102,9.1,148,52,
T8644CL        ,BlusClCasMmKATE U   ,RAYO/FLOR ,KATE,KATE COLLECT,10,185.2,"1,852.00",4.3,1,350,150,42.9,164.8,47.1,1.1,102,9.1,145,64,
W161MZ         ,BlusClCasMlDIVA U   ,POLY/MOST ,DIVA,DIVA USA,0,185.2,0,0,1,350,150,42.9,164.8,47.1,24,2136,100,146,123,
W161TL         ,BlusClCasMlDIVA U   ,POLY/TEAL ,DIVA,DIVA USA,4,185.2,740.8,1.7,1,350,150,42.9,164.8,47.1,2.7,237,20,146,54,
BT6571BG       ,BlusClCasMmPAPER U  ,POLY/VINO ,XPAM,PAPERMOON,1,198.43,198.43,0.4,1,362.17,155.22,42.9,163.74,45.2,8,660,50,147,73,
GT1030ANV      ,BlusCcaBotMlTIMIN U ,ALGD/AZUL ,TIMI,THE TIMING ,9,231.5,"2,083.50",3.9,1,392.61,168.26,42.9,161.11,41,1.3,88,10,143,47,
GT1030BLWH     ,BlusCcaBotMlTIMIN U ,ALGD/RAYA ,TIMI,THE TIMING ,0,231.5,0,0,1,392.61,168.26,42.9,161.11,41,24,1670,100,143,76,
MS85107BBKWH   ,FaldMiniPanTIMIN U  ,VISC/DISE ,TIMI,THE TIMING ,1,231.5,231.5,0.4,1,392.61,168.26,42.9,161.11,41,8,557,50,143,27,
T4333OFWH      ,BlusClCasM3/4CELIN U,POLY/BORD ,CELI,CELINE BY,4,185.3,741.2,1.7,1,343.91,147.39,42.9,158.61,46.1,2.7,228,20,212,25,
FB490097MC     ,BlusClCasM34DESSE U ,POLY/FLOR ,KATE,KATE COLLECT,6,191.82,"1,150.92",2.6,1,350,150,42.9,158.18,45.2,1.8,152,14.3,145,18,
T8524BKWHRD    ,BlusClCasMmKATE U   ,RAYO/ZIGZ ,KATE,KATE COLLECT,3,191.82,575.46,1.3,1,350,150,42.9,158.18,45.2,3.4,283,25,145,25,
T1009CR        ,BlusClCasUsMlACTIV U,POLY/CREM ,ACTI,ACTIVE USA,1,125.67,125.67,0.2,2,412.18,274.78,66.7,157.2,38.1,12,739,66.7,237,9,
B1099SBK       ,FaldCarZipSKYPL U   ,RAYO/NEGR ,SKYP,SKY PLUS,9,205.04,"1,845.36",3.9,1,362.17,155.22,42.9,157.13,43.4,1.3,97,10,145,25,
70023BSABK     ,CalcUsfPolyMAMIA U  ,POLY/NEGR ,UNIO,UNION HOSIER,4,16.54,66.16,0.9,2,189.56,0,0,156.48,82.5,4.8,2271,33.3,142,76,
58073BE        ,BlumUsfNyloBASIC U  ,NYLO/BEIG ,UNIO,UNION HOSIER,2,35.28,70.56,0.9,1,191.3,0,0,156.02,81.6,4.8,2123,33.3,142,82,
58073BK        ,BlumUsfNyloBASIC U  ,NYLO/NEGR ,UNIO,UNION HOSIER,0,35.28,0,0,1,191.3,0,0,156.02,81.6,24,10614,100,142,82,
SH1483LPK      ,FajaHebUsfCueJOIA U ,CUER/ROSA ,JOIA,JOIA TRADING,9,79.37,714.33,3.9,1,233.91,0,0,154.54,66.1,1.3,246,10,144,139,
84356WH        ,BlumUsfPolyBIJOU U  ,POLY/BLAN ,KORU,KORUS SALES,1,39.69,39.69,0.4,1,191.3,0,0,151.61,79.3,8,3056,50,144,50,
GT890KH        ,BlusClCasM34CESTT U ,RAYO/KAKI ,CEST,C EST TOI,3,180.37,541.11,1.3,1,331.74,142.17,42.9,151.37,45.6,3.4,288,25,149,25,
T1188RDWH      ,BlusCcaBotM34SUGAR U,ALGD/CUAD ,ACTI,ACTIVE USA,0,171.97,0,0,1,319.56,136.96,42.9,147.59,46.2,24,2060,100,237,54,
LT3335CL       ,BlusClCasMcLOVER U  ,POLY/CORAL,LOVR,LOVE REPUBLI,2,173.65,347.3,0.9,1,319.56,136.96,42.9,145.91,45.7,4.8,403,33.3,145,90,
91046OG        ,BlusClcasMlCATWA U  ,POLY/FLOR ,CATW,CATWALK,0,198.43,0,0,1,343.91,147.39,42.9,145.48,42.3,24,1760,100,437,113,
RV105KH        ,FaldRodFjCiPdeDIVA U,POLY/KAKI ,DIVA,DIVA USA,21,145.52,"3,055.92",9,1,289.13,123.91,42.9,143.17,49.5,0.6,55,4.5,279,34,
T9848BL        ,BlusClcaM34ACTIV U  ,POLY/AZUL ,ACTI,ACTIVE USA,1,171.97,171.97,0.4,1,319.56,136.96,42.9,141.46,44.3,8,635,50,420,54,
T3970BKWH      ,BlusCvCasMmKLAXO U  ,VISC/RAYA ,KLAX,KLAXONS,3,231.5,694.5,0.6,2,604.34,604.36,100,141.34,23.4,6,183,40,146,61,
NLC3558AQGD    ,CollaDiseMetaSUPER U,META/ELEF ,JOIA,JOIA TRADING,0,13.23,0,0,3,180,0,0,140.31,78,24,8484,100,144,135,
NLC3558FUGD    ,CollaDiseMetaSUPER U,META/ELEF ,JOIA,JOIA TRADING,3,13.23,39.69,0.4,3,180,0,0,140.31,78,8,2828,50,144,135,
67970WH        ,BlusTopUsfMlAMBIA U ,ALGD/BLAN ,AMBI,AMBIANCE,3,152.13,456.39,1.3,1,289.13,123.91,42.9,137,47.4,3.4,309,25,147,25,
GT025AWH       ,BlusCcaUsfM34ZENAN U,ALGD/BLAN ,ZENA,ZENANA,3,152.13,456.39,1.3,1,289.13,123.91,42.9,137,47.4,3,270,25,143,9,
T1187BKWH      ,BlusCcaBotMlSUGAR U ,ALGD/CUAD ,ACTI,ACTIVE USA,1,152.13,152.13,0.4,1,289.13,123.91,42.9,137,47.4,8,720,50,148,25,
T1187RYWH      ,BlusCcaBotMlSUGAR U ,ALGD/CUAD ,ACTI,ACTIVE USA,-3,152.13,-456.39,-1.3,1,289.13,123.91,42.9,137,47.4,-4.8,-432,-50,148,50,
T1437TLIV      ,BlusClRayM34ACTIV U ,POLY/TEAL ,ACTI,ACTIVE USA,0,165.36,0,0,1,301.3,129.13,42.9,135.94,45.1,24,1973,100,148,133,
C4267OFWHNVFU  ,BlusClFlorMmCHOCO U ,RAYO/FLOR ,CHOC,CHOCOLATE,1,157.22,157.22,0.4,1,289.13,123.91,42.9,131.91,45.6,8,671,50,214,148,
SW485BNV       ,SuetCvBotMlCIELO U  ,VISC/AZUL ,CIEL,CIELO,1,158.74,158.74,0.4,1,289.13,123.91,42.9,130.39,45.1,8,657,50,148,54,
LMF7023ASSTWH  ,MoldeUsfNyloKALIY U ,NYLO/BLAN ,KORU,KORUS SALES,4,66.14,264.56,0.9,2,259.14,259.12,100,126.86,49,4.8,460,33.3,278,25,
TA7842LABLPK   ,BlusClCasM34MINE U  ,POLY/FLOR ,MINE,MINE EDGE,1,175.02,175.02,0.4,1,301.3,129.13,42.9,126.28,41.9,8,577,50,147,84,
T1433OFWH      ,BlusCvUsfM34ACTIV U ,POLY/BLAN ,ACTI,ACTIVE USA,0,145.52,0,0,1,270.87,116.09,42.9,125.35,46.3,24,2067,100,148,82,
IT5913U5CRMNV  ,BlusClDiseSmIRIS U  ,RAYO/DISE ,IRIS,IRIS,0,138.9,0,0,1,258.7,110.87,42.9,119.8,46.3,24,2070,100,147,76,
QT1839XSLMWHBK ,BlusClRayaMcZENAN U ,POLY/RAYA ,ZENA,ZENANA,4,138.9,555.6,1.7,1,258.7,110.87,42.9,119.8,46.3,2.7,230,20,143,49,
T1322RSV       ,BlusClUsfMcSUGAR U  ,RAYO/ROSA ,ACTI,ACTIVE USA,2,138.9,277.8,0.9,1,258.7,110.87,42.9,119.8,46.3,4.8,414,33.3,148,25,
24002NKH       ,BraziUsfPolyALWAY U ,POLY/KAKI ,KORU,KORUS SALES,1,92.6,92.6,0.2,2,303.51,303.45,100,118.31,39,12,767,66.7,144,140,
676121BKYL     ,VestCacClSmAMBIA U  ,POLY/FLOR ,AMBI,AMBIANCE,5,111.12,555.6,0.7,3,450,450,100,116.64,25.9,5.5,194,37.5,147,3,
0011DBL        ,PantCaAcaPdeCIELO U ,ALGD/1P1B ,CIEL,CIELO,0,370.4,0,0,1,485.74,208.17,42.9,115.34,23.7,24,747,100,148,55,
T1009BK        ,BlusClCasMlACTIV U  ,POLY/NEGR ,ACTI,ACTIVE USA,1,125.67,125.67,0.4,1,240.44,103.04,42.9,114.77,47.7,12,1098,50,420,24,
T8878VE84BKWH  ,BlusClCasMcTEENB U  ,POLY/FRAN ,TENB,TEENBELL,0,125.67,0,0,1,240.44,103.04,42.9,114.77,47.7,24,2192,100,146,54,
84096BFU       ,BlumUsfPolyaBIJOU U ,POLY/FUCH ,KORU,KORUS SALES,2,39.69,79.38,0.4,2,191.32,191.28,100,111.94,58.5,8,1128,50,278,25,
84356BKFURY    ,BlumFlorPolyBIJOU U ,POLY/FLOR ,KORU,KORUS SALES,0,39.69,0,0,2,191.32,191.28,100,111.94,58.5,24,3384,100,144,84,
63868RD        ,FaldRodUsfPdeAMBIA U,RAYO/ROJO ,AMBI,AMBIANCE,1,116.41,116.41,0.4,1,228.26,97.83,42.9,111.85,49,8,769,50,147,25,
67969BG        ,BlusClEncaMlAMBIA U ,ALGD/ENCA ,AMBI,AMBIANCE,0,116.41,0,0,1,228.26,97.83,42.9,111.85,49,24,2306,100,148,126,
672062BKBL     ,VestCacClMcAMBIA U  ,POLY/RAYA ,AMBI,AMBIANCE,2,119.06,238.12,0.9,1,228.26,97.83,42.9,109.2,47.8,4.8,440,33.3,147,54,
T1272PK        ,BlusClCasSmSUGAR U  ,POLY/ROSA ,ACTI,ACTIVE USA,12,132.29,"1,587.48",5.1,1,240.44,103.04,42.9,108.15,45,1,78,7.7,148,56,
T4436BBKKH     ,BlusCvCasMcKLAXO U  ,NYLO/ENCA ,KLAX,KLAXONS,5,284.42,"1,422.10",2.1,1,389.13,389.13,100,104.71,26.9,2.2,80,16.7,146,24,
J9447WH        ,CardAbiUsfMlACTIV U ,RAYO/BLAN ,ACTI,ACTIVE USA,0,82.02,0,0,1,179.56,76.96,42.9,97.54,54.3,24,2854,100,148,82,
65641CL        ,BlusCvCasMlAMBIA U  ,ALGD/ENCA ,AMBI,AMBIANCE,0,87.31,0,0,1,181.39,77.74,42.9,94.08,51.9,24,2586,100,148,91,
NLC3558WHGD    ,CollaDiseMetaSUPER U,META/ELEF ,JOIA,JOIA TRADING,1,13.23,13.23,0.2,2,120,0,0,93.54,78,12,4242,66.7,144,135,
65581XLRY      ,BlusClCaUsfMmAMBIA U,RAYO/ROYA ,AMBI,AMBIANCE,2,104.51,209.02,0.9,1,197.83,84.78,42.9,93.32,47.2,4.8,429,33.3,148,25,
67816WH        ,BlusCoUsfMmAMBIA U  ,RAYO/BLAN ,AMBI,AMBIANCE,1,82.02,82.02,0.4,1,167.39,71.74,42.9,85.37,51,8,833,50,147,25,
12234RSV       ,BlusCcaBotMlBECOO U ,RAYO/ROSA ,BECO,BE COOL,13,264.57,"3,439.41",5.6,1,345.65,345.65,100,81.08,23.5,0.9,27,7.1,147,35,
70023WSAWH     ,CalcUsfPolyMAMIA U  ,POLY/BLAN ,UNIO,UNION HOSIER,12,16.54,198.48,5.1,1,94.78,0,0,78.24,82.5,1,454,7.7,142,139,
62997BE        ,BlusClCasMmAMBIA U  ,ALGD/BEIG ,AMBI,AMBIANCE,0,58.21,0,0,1,133.85,57.37,42.9,75.64,56.5,24,3119,100,148,39,
68034MZNV      ,BlusCtRayMlAMBIA U  ,ALGD/RAYA ,AMBI,AMBIANCE,-1,74.08,-74.08,-0.4,1,149.13,63.91,42.9,75.05,50.3,-24,-2431,0,148,120,
HNK3869SL      ,CollaLetrMetaFASHI U,META/SILV ,JOIA,JOIA TRADING,13,13.23,171.99,5.6,1,60,0,0,46.77,78,0.9,314,7.1,144,139,
QT1839BKWH     ,BlusClRayaMmZENAN U ,POLY/RAYA ,ZENA,ZENANA,0,125.67,0,0,1,167.39,167.39,100,41.72,24.9,24,797,100,143,42,
KNK0706SL      ,SetCollaMetaCRIST U ,META/SILV ,JOIA,JOIA TRADING,11,13.23,145.53,2.4,2,60.01,59.99,100,33.55,55.9,2,254,15.4,144,139,
MN4299SL       ,CollaDiseMetaMUSE U ,META/SILV ,JOIA,JOIA TRADING,31,13.23,410.13,6.6,2,60.01,59.99,100,33.55,55.9,0.8,95,6.1,144,139,
NLC3558RYGD    ,CollaDiseMetaSUPER U,META/ELEF ,JOIA,JOIA TRADING,1,13.23,13.23,0.2,2,60.01,59.99,100,33.55,55.9,12,1522,66.7,144,135,
KNK0706GD      ,SetCollaMetaCRIST U ,META/DORA ,JOIA,JOIA TRADING,3,13.23,39.69,0.4,3,60.02,119.98,199.9,20.33,33.9,8,410,50,144,70,
10653BE        ,BlusCvUsfSmBAJEE U  ,RAYO/BEIG ,BECO,BE COOL,8,178.59,"1,428.72",0,0,0,0,0,0,0,0,0,0,147,40,
1156115CL      ,BlusCvUsfM34BAJEE U ,RAYO/CORA ,BECO,BE COOL,3,198.43,595.29,0,0,0,0,0,0,0,0,0,0,147,25,
12473WHNV      ,BlusCcaBotSmSTACC U ,POLY/PUNT ,BECO,BE COOL,1,198.43,198.43,0,0,0,0,0,0,0,0,0,0,142,122,
12713DWHOGBK   ,BlusCvCasMmIJOAH U  ,POLY/RAYA ,IJOA,I JOAH,3,218.27,654.81,0,0,0,0,0,0,0,0,0,0,146,42,
12841,JeanCaRecPanH&G U   ,ALGD/ROTO ,HOTT,HOT & THE,10,396.86,"3,968.60",0,0,0,0,0,0,0,0,0,0,148,34,
12847,JeanCaRecPanH&G U   ,ALGD/2P2B ,HOTT,HOT & THE,5,396.86,"1,984.30",0,0,0,0,0,0,0,0,0,0,148,91,
168BKGDGN      ,FaldFicGeomAlgDVDN U,ALGD/GEOM ,DVDN,DV DN CLOTHI,2,238.12,476.24,0,0,0,0,0,0,0,0,0,0,145,40,
169BKGDGN      ,VestFicGeomCtDVDN U ,ALGD/GEOM ,DVDN,DV DN CLOTHI,8,317.49,"2,539.92",0,0,0,0,0,0,0,0,0,0,145,54,
24002NBE       ,BraziUsfPolyALWAY U ,POLY/BEIGE,KORU,KORUS SALES,13,92.6,"1,203.80",0,0,0,0,0,0,0,0,0,0,144,7,
31307SW572BKWH ,CargUsfRayMlHAVE U  ,RAYO/RAYA ,MUST,MUST HAVE,5,317.49,"1,587.45",0,0,0,0,0,0,0,0,0,0,143,124,
4071BK         ,BlusCasClM3/4FIRST U,NYLO/NEGR ,FIRS,FIRST LOOK,3,185.23,555.69,0,0,0,0,0,0,0,0,0,0,145,126,
4227OFWH       ,BlusClCasClSmFIRST U,POLY/BORD ,FIRS,FIRST LOOK,1,225.74,225.74,0,0,0,0,0,0,0,0,0,0,145,122,
5104IV         ,BlusCasClMcFIRST U  ,POLY/IVOR ,FIRS,FIRST LOOK,1,225.74,225.74,0,0,0,0,0,0,0,0,0,0,145,84,
5507RY         ,BlumeUsfNyloBASEI U ,NYLO/ROYA ,UNIO,UNION HOSIER,2,41.89,83.78,0,0,0,0,0,0,0,0,0,0,143,25,
5639CL         ,BlusClFlorMcYABES U ,POLY/FLOR ,YABE,YABES,7,232.41,"1,626.87",0,0,0,0,0,0,0,0,0,0,214,43,
5639OFWH       ,BlusClFlorMcYABES U ,POLY/FLOR ,YABE,YABES,3,232.41,697.23,0,0,0,0,0,0,0,0,0,0,214,25,
609PBSBK       ,ChaqCvUsfMlFRESH U  ,POLY/NEGR ,FREH,FRESHMINT,4,330.72,"1,322.88",0,0,0,0,0,0,0,0,0,0,145,140,
609PBSNV       ,ChaqCvUsfMlFRESH U  ,POLY/AZUL ,FREH,FRESHMINT,9,330.72,"2,976.48",0,0,0,0,0,0,0,0,0,0,145,55,
6351PRY        ,BlusCvCasMcFRESH U  ,POLY/ROYA ,FREH,FRESHMINT,3,264.57,793.71,0,0,0,0,0,0,0,0,0,0,145,39,
6382RY         ,ChaqCvUsfM34FRESH U ,POLY/ROYA ,FREH,FRESHMINT,1,238.12,238.12,0,0,0,0,0,0,0,0,0,0,145,54,
6548PRYBKWH    ,BlusClCasSmFRESH U  ,POLY/ROYA ,FREH,FRESHMINT,1,238.12,238.12,0,0,0,0,0,0,0,0,0,0,145,85,
6561PMT        ,BlusClCasSmFRESH U  ,POLY/RAYA ,FREH,FRESHMINT,1,251.35,251.35,0,0,0,0,0,0,0,0,0,0,145,57,
65774NVHU      ,BlusCoAraMlAMBIA U  ,POLY/ARAB ,AMBI,AMBIANCE,1,74.08,74.08,0,0,0,0,0,0,0,0,0,0,148,54,
676131BKRD     ,VestCacCvCtAMBIA U  ,POLY/FLOR ,AMBI,AMBIANCE,1,105.83,105.83,0,0,0,0,0,0,0,0,0,0,147,97,
67751RD        ,JumpLargClSmAMBIA U ,POLY/ROJO ,AMBI,AMBIANCE,1,171.97,171.97,0,0,0,0,0,0,0,0,0,0,148,96,
67798RD        ,BlusTopCasMmAMBIA U ,ENCA/ROJO ,AMBI,AMBIANCE,1,79.37,79.37,0,0,0,0,0,0,0,0,0,0,279,106,
67969WH        ,BlusClEncaMlAMBIA U ,ALGD/ENCA ,AMBI,AMBIANCE,1,116.41,116.41,0,0,0,0,0,0,0,0,0,0,148,122,
68034NVWH      ,BlusCtRayMlAMBIA U  ,ALGD/RAYA ,AMBI,AMBIANCE,-1,74.08,-74.08,0,0,0,0,0,0,0,0,0,0,148,81,
68064BK        ,CardUsfMlPolyAMBIA U,POLY/NEGR ,AMBI,AMBIANCE,1,142.87,142.87,0,0,0,0,0,0,0,0,0,0,148,99,
68400MFU       ,BlumUsfNyloJENNI U  ,NYLO/FUCH ,UNIO,UNION HOSIER,1,35.28,35.28,0,0,0,0,0,0,0,0,0,0,142,140,
68400MGY       ,BlumUsfNyloJENNI U  ,NYLO/GRIS ,UNIO,UNION HOSIER,1,35.28,35.28,0,0,0,0,0,0,0,0,0,0,142,140,
68400MPR       ,BlumUsfNyloJENNI U  ,NYLO/PURP ,UNIO,UNION HOSIER,2,35.28,70.56,0,0,0,0,0,0,0,0,0,0,142,142,
68400MRY       ,BlumUsfNyloJENNI U  ,NYLO/ROYA ,UNIO,UNION HOSIER,2,35.28,70.56,0,0,0,0,0,0,0,0,0,0,142,140,
70112WH        ,VestCacBotMcSTACC U ,ENC/BLAN  ,BECO,BE COOL,1,211.66,211.66,0,0,0,0,0,0,0,0,0,0,279,122,
8006615RY      ,VestCacFajSmBECOO U ,CHIF/ROYA ,BECO,BE COOL,1,224.89,224.89,0,0,0,0,0,0,0,0,0,0,279,113,
8240BKWH       ,VestCarClSmFIRST U  ,NYLO/RAYA ,FIRS,FIRST LOOK,16,254.69,"4,075.04",0,0,0,0,0,0,0,0,0,0,145,71,
8240WHBK       ,VestCarClSmFIRST U  ,NYLO/RAYA ,FIRS,FIRST LOOK,7,254.69,"1,782.83",0,0,0,0,0,0,0,0,0,0,145,55,
84096BRY       ,BlumUsfPolyaBIJOU U ,POLY/ROYA ,KORU,KORUS SALES,1,39.69,39.69,0,0,0,0,0,0,0,0,0,0,278,84,
84356BK        ,BlumUsfPolyBIJOU U  ,POLY/NEGR ,KORU,KORUS SALES,4,39.69,158.76,0,0,0,0,0,0,0,0,0,0,144,25,
8900BK         ,PantyUsfNyloANGEL U ,NYLO/NEGR ,JOIA,JOIA TRADING,2,66.14,132.28,0,0,0,0,0,0,0,0,0,0,1893,139,
8934CRM        ,VestCarClMmKLAXO U  ,ALGD/CREM ,KLAX,KLAXONS,10,410.09,"4,100.90",0,0,0,0,0,0,0,0,0,0,146,63,
91065NVBN      ,VestCacClM34CATWA U ,POLY/DISE ,CATW,CATWALK,1,304.26,304.26,0,0,0,0,0,0,0,0,0,0,147,87,
95921TPWN      ,VestCrFjaSmHAVE U   ,POLY/WINE ,MUST,MUST HAVE,2,264.57,529.14,0,0,0,0,0,0,0,0,0,0,145,84,
99925BK        ,BraziUsfNyloLACY U  ,NYLO/NEGR ,UNIO,UNION HOSIER,2,48.51,97.02,0,0,0,0,0,0,0,0,0,0,143,140,
99925RD        ,BraziUsfNyloLACY U  ,NYLO/ROJO ,UNIO,UNION HOSIER,8,48.51,388.08,0,0,0,0,0,0,0,0,0,0,143,140,
B1024RY        ,BlusClCasMmSKYPL U  ,POLY/ROYA ,SKYP,SKY PLUS,1,211.66,211.66,0,0,0,0,0,0,0,0,0,0,145,91,
B1586WHBK      ,BlusClCasMcSKYPL U  ,POLY/BLAN ,SKYP,SKY PLUS,1,211.66,211.66,0,0,0,0,0,0,0,0,0,0,145,103,
BR1047WBK      ,BraziUsfPolyMAMIA U ,POLY/NEGR ,UNIO,UNION HOSIER,14,40.79,571.06,0,0,0,0,0,0,0,0,0,0,143,63,
BR4043N1KH     ,BraziUsfPolyMAMIA U ,POLY/KAKI ,KORU,KORUS SALES,11,41.89,460.79,0,0,0,0,0,0,0,0,0,0,144,56,
BT5892BK       ,BlusClCasMcPAPER U  ,POLY/NEGR ,XPAM,PAPERMOON,1,231.5,231.5,0,0,0,0,0,0,0,0,0,0,147,85,
BT5892WN       ,BlusClCasMcPAPER U  ,POLY/VINO ,XPAM,PAPERMOON,3,231.5,694.5,0,0,0,0,0,0,0,0,0,0,147,85,
C2125          ,JeanCiTuBoPdeCESTT U,ALGD/ROTO ,CEST,C EST TOI,14,257.91,"3,610.74",0,0,0,0,0,0,0,0,0,0,149,9,
C43371GTRY     ,JumpCvFajSmCHOCO U  ,POLY/ROYA ,CHOC,CHOCOLATE,6,244.73,"1,468.38",0,0,0,0,0,0,0,0,0,0,146,34,
C4915BKWH      ,BlusClcasMmCHOCO U  ,RAYO/FLOR ,CHOC,CHOCOLATE,0,185.2,0,0,0,0,0,0,0,0,0,0,0,146,76,
CH590GD        ,FajaCadeHebMetaI U  ,META/DORA ,JOIA,JOIA TRADING,12,105.83,"1,269.96",0,0,0,0,0,0,0,0,0,0,144,139,
CSD260DOG      ,VestCalClSmCLARA U  ,POLY/ANAR ,CLAR,Clara Story,2,515.92,"1,031.84",0,0,0,0,0,0,0,0,0,0,145,54,
CSD3421MT      ,VestCacClSmCLARA U  ,ALGD/MULT ,CLAR,Clara Story,1,436.55,436.55,0,0,0,0,0,0,0,0,0,0,145,138,
CST243IV       ,BlusClCasMmCLARA U  ,POLY/IVOR ,CLAR,Clara Story,2,264.57,529.14,0,0,0,0,0,0,0,0,0,0,145,144,
D10821JD       ,VestCarZipSmNIKIB U ,POLY/JADE ,NIKI,NIKIBIKI,2,211.66,423.32,0,0,0,0,0,0,0,0,0,0,146,110,
D20257BKWH     ,FaldCarPdePOTTE U   ,RAYO/GEOM ,XPOT,POTTERS POT,-1,337.33,-337.33,0,0,0,0,0,0,0,0,0,0,145,78,
D30026CRM      ,VestCacClFajSmDIVA U,ALGD/CREMA,DIVA,DIVA USA,4,317.49,"1,269.96",0,0,0,0,0,0,0,0,0,0,146,42,
D5440PTBKPK    ,VestCacClMmDRESS U  ,RAYO/FRAN ,DRES,DRESS CODE,1,300.99,300.99,0,0,0,0,0,0,0,0,0,0,147,63,
D5549RD        ,VestCarClM34DRESS U ,POLY/ROJO ,DRES,DRESS CODE,-2,312.57,-625.14,0,0,0,0,0,0,0,0,0,0,146,79,
D5577WHBK      ,VestCarClSmDRESS U  ,POLY/PELO ,DRES,DRESS CODE,1,289.42,289.42,0,0,0,0,0,0,0,0,0,0,146,85,
D70971IV       ,BlusClCasMcPOTTE U  ,RAYO/IVOR ,XPOT,POTTERS POT,2,284.42,568.84,0,0,0,0,0,0,0,0,0,0,145,80,
D70971RD       ,BlusClCasMcPOTTE U  ,RAYO/RED  ,XPOT,POTTERS POT,2,284.42,568.84,0,0,0,0,0,0,0,0,0,0,145,73,
D9298CLWH      ,VestForFjaSmCELIN U ,POLY/PELO ,CELI,CELINE BY,1,304.85,304.85,0,0,0,0,0,0,0,0,0,0,212,76,
D9298RDWH      ,VestForCvMmKLAXO U  ,POLY/RAYA ,KLAX,KLAXONS,1,337.33,337.33,0,0,0,0,0,0,0,0,0,0,146,120,
D9465WHMNT     ,VestCacClMmCELIN U  ,POLY/FLOR ,KLAX,KLAXONS,1,363.79,363.79,0,0,0,0,0,0,0,0,0,0,146,54,
D9652BLKIV     ,VestCarFjaMmKARAG U ,POLY/ARAB ,KARA,KARA GIRL,1,347.3,347.3,0,0,0,0,0,0,0,0,0,0,147,106,
D9661BLJD      ,VestCarFjaMmKARAG U ,POLY/ARAB ,KARA,KARA GIRL,11,370.45,"4,074.95",0,0,0,0,0,0,0,0,0,0,147,66,
D9682WHBKRD    ,VestCarFjaSmKARAG U ,ALGD/FLOR ,KARA,KARA GIRL,9,370.45,"3,334.05",0,0,0,0,0,0,0,0,0,0,147,40,
D9684BKBE      ,VestCarFjaSmKARAG U ,POLY/ARAB ,KARA,KARA GIRL,1,335.72,335.72,0,0,0,0,0,0,0,0,0,0,147,89,
D9707NV        ,VestCarFjaMmKARAG U ,RAYO/AZUL ,KARA,KARA GIRL,12,370.45,"4,445.40",0,0,0,0,0,0,0,0,0,0,147,50,
D9707RD        ,VestCarFjaMmKARAG U ,RAYO/ROJO ,KARA,KARA GIRL,11,370.45,"4,074.95",0,0,0,0,0,0,0,0,0,0,147,59,
D9711BKLGN     ,VestCarFjaMcKARAG U ,POLY/FLOR ,KARA,KARA GIRL,12,358.88,"4,306.56",0,0,0,0,0,0,0,0,0,0,147,91,
D9714RD        ,VestCarFjaMmKARAG U ,POLY/ROJO ,KARA,KARA GIRL,13,370.45,"4,815.85",0,0,0,0,0,0,0,0,0,0,147,25,
D9748NV        ,VestCarFjaMmKARAG U ,POLY/WINE ,KARA,KARA GIRL,5,335.72,"1,678.60",0,0,0,0,0,0,0,0,0,0,147,42,
D9758MGBK      ,VestCvFjaM3/4KARAG U,POLY/DISE ,KARA,KARA GIRL,13,335.72,"4,364.36",0,0,0,0,0,0,0,0,0,0,147,25,
D9758RYBK      ,VestCvFjaM3/4KARAG U,POLY/DISE ,KARA,KARA GIRL,8,335.72,"2,685.76",0,0,0,0,0,0,0,0,0,0,147,49,
DBP50206DBL    ,JeanCaTuPdeDENIM U  ,ALGD/PREL ,DENM,DENIM BLVD,1,330.72,330.72,0,0,0,0,0,0,0,0,0,0,147,145,
DV1063WH       ,ChaqCvUsfM34DVDN U  ,ALGD/BLAN ,DVDN,DV DN CLOTHI,22,219.96,"4,839.12",0,0,0,0,0,0,0,0,0,0,278,63,
DV1063XBK      ,ChaqCvUsfMcDVDN U   ,RAYO/NEGR ,DVDN,DV DN CLOTHI,5,243.11,"1,215.55",0,0,0,0,0,0,0,0,0,0,146,57,
DV1095MZ       ,ChaqCvUsfM34DVDN U  ,ALGD/MOST ,DVDN,DV DN CLOTHI,1,272.05,272.05,0,0,0,0,0,0,0,0,0,0,146,85,
DV1105RY       ,ChaqCvUsfMlDVDN U   ,ALGD/ROYA ,DVDN,DV DN CLOTHI,1,237.32,237.32,0,0,0,0,0,0,0,0,0,0,146,82,
E290910RDYL    ,BlusCvCasM34EVENT U ,POLY/CUAD ,EVEN,EVENT,2,238.12,476.24,0,0,0,0,0,0,0,0,0,0,147,109,
EX007BN        ,BoxeUsfNyloMOPAS U  ,NYLO/CAFE ,UNIO,UNION HOSIER,8,37.48,299.84,0,0,0,0,0,0,0,0,0,0,143,140,
FB490097NV     ,BlusClCasM34DESSE U ,POLY/FLOR ,KATE,KATE COLLECT,3,191.82,575.46,0,0,0,0,0,0,0,0,0,0,145,57,
GK925BK        ,FaldRodFaPdeCESTT U ,NYLO/BORD ,CEST,C EST TOI,1,160.32,160.32,0,0,0,0,0,0,0,0,0,0,149,54,
GK925CL        ,FaldRodFaPdeCESTT U ,NYLO/BORD ,CEST,C EST TOI,1,160.32,160.32,0,0,0,0,0,0,0,0,0,0,149,126,
GK925CRM       ,FaldRodFaPdeCESTT U ,NYLO/BORD ,CEST,C EST TOI,-1,160.32,-160.32,0,0,0,0,0,0,0,0,0,0,149,69,
GT2461NV       ,BlusCcaBotMlTIMIN U ,ALGD/AZUL ,TIMI,THE TIMING ,9,257.96,"2,321.64",0,0,0,0,0,0,0,0,0,0,143,37,
GT890BK        ,BlusClCasM34CESTT U ,RAYO/NEGR ,CEST,C EST TOI,4,180.37,721.48,0,0,0,0,0,0,0,0,0,0,149,25,
GT890WN        ,BlusClCasM34CESTT U ,RAYO/WINE ,CEST,C EST TOI,1,180.37,180.37,0,0,0,0,0,0,0,0,0,0,149,85,
HD5108WHBK     ,VestCacClSMCHOCO U  ,POLY/RAYA ,CHOC,CHOCOLATE,1,317.49,317.49,0,0,0,0,0,0,0,0,0,0,146,122,
HD5174BKBE     ,VestFicClSmCHOCO U  ,NYLO/ENCA ,CHOC,CHOCOLATE,8,330.72,"2,645.76",0,0,0,0,0,0,0,0,0,0,146,44,
HNK3869GD      ,CollaLetrMetaFASHI U,META/DORA ,JOIA,JOIA TRADING,17,13.23,224.91,0,0,0,0,0,0,0,0,0,0,144,139,
HS7033BK       ,FaldCacUsfVisCHOCO U,VISC/NEGR ,CHOC,CHOCOLATE,2,185.2,370.4,0,0,0,0,0,0,0,0,0,0,279,79,
HT3225BKWH     ,BlusClcasM34CHOCO U ,POLY/RAYA ,CHOC,CHOCOLATE,1,119.06,119.06,0,0,0,0,0,0,0,0,0,0,436,82,temp orig R
ID1670BK       ,VestCacFloClSmIRIS U,ALGD/FLOR ,IRIS,IRIS,1,238.12,238.12,0,0,0,0,0,0,0,0,0,0,147,88,
IP6281SDBKJD   ,JumpCortCvM34IRIS U ,RAYO/GEOM ,IRIS,IRIS,1,224.89,224.89,0,0,0,0,0,0,0,0,0,0,147,139,
IT6285A9MNTPK  ,BlusCcaBotMlIRIS U  ,RAYO/FLOR ,IRIS,IRIS,4,171.97,687.88,0,0,0,0,0,0,0,0,0,0,147,76,
IT6301321BKGY  ,BlusCcaBotMlIRIS U  ,RAYO/FLOR ,IRIS,IRIS,1,152.13,152.13,0,0,0,0,0,0,0,0,0,0,147,79,
J1166BG        ,ChaqCvCasMlIJOAH U  ,POLY/VINO ,IJOA,I JOAH,3,357.18,"1,071.54",0,0,0,0,0,0,0,0,0,0,146,76,
J1402WH        ,BlezeCasUsfMlACTIV U,POLY/BLAN ,ACTI,ACTIVE USA,2,257.96,515.92,0,0,0,0,0,0,0,0,0,0,148,25,
J9370NV        ,JackCvBroMlKARAG U  ,POLY/AZUL ,KARA,KARA GIRL,1,334.73,334.73,0,0,0,0,0,0,0,0,0,0,412,123,
JBT032GGD      ,FajaCadeMetaFASHI U ,META/DORA ,JOIA,JOIA TRADING,5,105.83,529.15,0,0,0,0,0,0,0,0,0,0,144,139,
JO062130SL     ,FajaHebUsfCueJOIA U ,CUER/SILV ,JOIA,JOIA TRADING,3,52.91,158.73,0,0,0,0,0,0,0,0,0,0,144,139,
JO34053NV      ,FajaHebUsfElaJOIA U ,ELAS/AZUL ,JOIA,JOIA TRADING,11,99.22,"1,091.42",0,0,0,0,0,0,0,0,0,0,144,139,
JO7098BK       ,FajaHebUsfElaJOIA U ,ELAS/NEGR ,JOIA,JOIA TRADING,9,112.44,"1,011.96",0,0,0,0,0,0,0,0,0,0,144,139,
JT066RY        ,BlusClCasSmCESTT U  ,POLY/ROYA ,CEST,C EST TOI,4,153.64,614.56,0,0,0,0,0,0,0,0,0,0,149,25,
LCT171AQ       ,BlusTopClCaM34DIVA U,NYLO/DISE ,DIVA,DIVA USA,1,132.29,132.29,0,0,0,0,0,0,0,0,0,0,146,112,
LP1337HC1AQ    ,BoxeUsfNyloMAMIA U  ,NYLO/AQUA ,UNIO,UNION HOSIER,8,23.15,185.2,0,0,0,0,0,0,0,0,0,0,142,25,
LP1337HC1BK    ,BoxeUsfNyloMAMIA U  ,NYLO/NEGR ,UNIO,UNION HOSIER,2,23.15,46.3,0,0,0,0,0,0,0,0,0,0,142,83,
LP1337HC1DGY   ,BoxeUsfNyloMAMIA U  ,NYLO/GRIS ,UNIO,UNION HOSIER,4,23.15,92.6,0,0,0,0,0,0,0,0,0,0,142,122,
LP1337HC1PK    ,BoxeUsfNyloMAMIA U  ,NYLO/ROSA ,UNIO,UNION HOSIER,10,23.15,231.5,0,0,0,0,0,0,0,0,0,0,142,140,
LP1337HC1RY    ,BoxeUsfNyloMAMIA U  ,NYLO/ROYA ,UNIO,UNION HOSIER,9,23.15,208.35,0,0,0,0,0,0,0,0,0,0,142,140,
LP1337HC1WH    ,BoxeUsfNyloMAMIA U  ,NYLO/BLAN ,UNIO,UNION HOSIER,1,23.15,23.15,0,0,0,0,0,0,0,0,0,0,142,83,
LPO5255BBK     ,BoxeUsfNyloMAMIA U  ,NYLO/NEGR ,UNIO,UNION HOSIER,1,27.56,27.56,0,0,0,0,0,0,0,0,0,0,143,83,
LPO5255BPR     ,BoxeUsfNyloMAMIA U  ,NYLO/PURL ,UNIO,UNION HOSIER,10,27.56,275.6,0,0,0,0,0,0,0,0,0,0,143,61,
LPO5255BRD     ,BoxeUsfNyloMAMIA U  ,NYLO/ROJO ,UNIO,UNION HOSIER,8,27.56,220.48,0,0,0,0,0,0,0,0,0,0,143,55,
MS41752SL      ,CollaOvaMetaFASHI U ,META/SILV ,JOIA,JOIA TRADING,3,13.23,39.69,0,0,0,0,0,0,0,0,0,0,144,139,
NLC3497SLBK    ,CollaMetaSUPER U    ,META/SILV ,JOIA,JOIA TRADING,3,13.23,39.69,0,0,0,0,0,0,0,0,0,0,144,84,
NLC3497SLPR    ,CollaMetaSUPER U    ,META/SILV ,JOIA,JOIA TRADING,3,13.23,39.69,0,0,0,0,0,0,0,0,0,0,144,84,
NLC3558BKGD    ,CollaDiseMetaSUPER U,META/ELEF ,JOIA,JOIA TRADING,1,13.23,13.23,0,0,0,0,0,0,0,0,0,0,144,135,
NLC3558RDGD    ,CollaDiseMetaSUPER U,META/ELEF ,JOIA,JOIA TRADING,1,13.23,13.23,0,0,0,0,0,0,0,0,0,0,144,135,
NO5GD          ,FajaOvaMetaFASHI U  ,META/DORA ,JOIA,JOIA TRADING,1,105.83,105.83,0,0,0,0,0,0,0,0,0,0,144,54,
QT2144RD       ,BlusCvCasM34ZENAN U ,RAYO/ROJO ,ZENA,ZENANA,6,158.74,952.44,0,0,0,0,0,0,0,0,0,0,143,49,
S9664IV        ,FaldFodFjaPanKARAG U,POLY/GEOM ,KARA,KARA GIRL,1,274.96,274.96,0,0,0,0,0,0,0,0,0,0,211,76,
S9664NV        ,FaldForFjaPanKARAG U,POLY/GEOM ,KARA,KARA GIRL,3,274.96,824.88,0,0,0,0,0,0,0,0,0,0,211,50,
SA101MLBL      ,ShorCiBotPdeSAGA U  ,ALGD/PREL ,KATE,KATE COLLECT,2,171.97,343.94,0,0,0,0,0,0,0,0,0,0,145,54,
SH1483BK       ,FajaHebUsfCueJOIA U ,CUER/NEGR ,JOIA,JOIA TRADING,6,79.37,476.22,0,0,0,0,0,0,0,0,0,0,144,139,
SJ1442NVBGBL   ,BlusClCasSmMINE U   ,POLY/FLOR ,MINE,MINE EDGE,0,252.8,0,0,0,0,0,0,0,0,0,0,0,147,66,
SW485BBK       ,SuetCvBotMlCIELO U  ,VISC/NEGR ,CIEL,CIELO,-1,158.74,-158.74,0,0,0,0,0,0,0,0,0,0,148,51,
T1135OFWH      ,BlusClCasM34ACTIV U ,RAYO/BLAN ,ACTI,ACTIVE USA,2,185.2,370.4,0,0,0,0,0,0,0,0,0,0,148,25,
T1322WH        ,BlusClUsfMcSUGAR U  ,RAYO/BLAN ,ACTI,ACTIVE USA,2,138.9,277.8,0,0,0,0,0,0,0,0,0,0,148,126,
T1435NV        ,BlusCvUsfM34ACTIV U ,POLY/AZUL ,ACTI,ACTIVE USA,0,165.36,0,0,0,0,0,0,0,0,0,0,0,148,122,
T1514NV        ,BlusCvBotM34ACTIV U ,RAYO/AZUL ,ACTI,ACTIVE USA,2,185.2,370.4,0,0,0,0,0,0,0,0,0,0,148,50,
T1514WH        ,BlusCvBotM34ACTIV U ,RAYO/BLAN ,ACTI,ACTIVE USA,4,185.2,740.8,0,0,0,0,0,0,0,0,0,0,148,25,
T3970BBKWH     ,BlusCvCasMmKLAXO U  ,VISC/RAYA ,KLAX,KLAXONS,9,257.96,"2,321.64",0,0,0,0,0,0,0,0,0,0,146,55,
T4046OFWH      ,BlusCvCasMcCELIN U  ,POLY/BLAN ,CELI,CELINE BY,1,209.21,209.21,0,0,0,0,0,0,0,0,0,0,212,130,
T4046RY        ,BlusCvCasMcCELIN U  ,POLY/ROYA ,CELI,CELINE BY,1,209.21,209.21,0,0,0,0,0,0,0,0,0,0,446,50,
T4333NV        ,BlusClCasM3/4CELIN U,POLY/BORD ,CELI,CELINE BY,3,185.3,555.9,0,0,0,0,0,0,0,0,0,0,212,25,
T4365TLBK      ,BlusClCollMcKLAXO U ,POLY/BORD ,CELI,CELINE BY,2,233.12,466.24,0,0,0,0,0,0,0,0,0,0,212,133,
T4417BWHBK     ,BlazeCvBotMlKLAXO U ,POLY/RAYA ,KLAX,KLAXONS,2,284.42,568.84,0,0,0,0,0,0,0,0,0,0,146,83,
T4470NVPK      ,BlusCvCasMlKLAXO U  ,POLY/FLOR ,KLAX,KLAXONS,1,231.5,231.5,0,0,0,0,0,0,0,0,0,0,146,144,
T4481BG        ,BlusClCasMmKLAXO U  ,POLY/VINO ,KLAX,KLAXONS,1,231.5,231.5,0,0,0,0,0,0,0,0,0,0,146,59,
T8898NV        ,BlusClCasM34KATE U  ,POLY/AZUL ,KATE,KATE COLLECT,1,205.04,205.04,0,0,0,0,0,0,0,0,0,0,145,48,
T8898RD        ,BlusClCasM34KATE U  ,POLY/ROJO ,KATE,KATE COLLECT,1,205.04,205.04,0,0,0,0,0,0,0,0,0,0,145,93,
T9125MZ        ,BlusClcaUsfSmACTIV U,RAYO/MOST ,ACTI,ACTIVE USA,1,105.83,105.83,0,0,0,0,0,0,0,0,0,0,148,105,
TA8653WHBK     ,BlusCvCasM34MINE U  ,POLY/RAYA ,MINE,MINE EDGE,1,175.02,175.02,0,0,0,0,0,0,0,0,0,0,147,79,
TA8705NV       ,BlusClCasSmMINE U   ,POLY/AZUL ,MINE,MINE EDGE,1,149.09,149.09,0,0,0,0,0,0,0,0,0,0,147,144,
WJ778DK        ,JumpCorCcaM34CESTT U,ALGD/DARK ,CEST,C EST TOI,18,366.98,"6,605.64",0,0,0,0,0,0,0,0,0,0,149,24,
WO2575MDAC     ,JumpLargCtPreJC&JQ U,ALGD/ROTO ,JC&J,JC&JQ,2,317.49,634.98,0,0,0,0,0,0,0,0,0,0,148,109,
NLC3497GDRY    ,CollaMetaSUPER U    ,META/DORA ,JOIA,JOIA TRADING,0,13.23,0,0,1,0.01,59.99,599900,-13.22,-132200,24,-2398,100,144,139,
MN4299GD       ,CollaDiseMetaMUSE U ,META/DORA ,JOIA,JOIA TRADING,31,13.23,410.13,6.6,2,0.02,119.98,599900,-26.44,-132200,0.8,-75,6.1,144,139,
58073WH        ,BlumUsfNyloBASIC U  ,NYLO/BLAN ,UNIO,UNION HOSIER,0,35.28,0,0,1,0.02,191.28,956400,-35.26,-176300,24,-2399,100,142,122,
84356FC        ,BlumUsfPolyBIJOU U  ,POLY/FUCH ,UNIO,UNION HOSIER,7,35.28,246.96,3,1,0.02,191.28,956400,-35.26,-176300,1.6,-160,12.5,142,140,
84356IV        ,BlumUsfPolyBIJOU U  ,POLY/IVOR ,UNIO,UNION HOSIER,1,35.28,35.28,0.4,1,0.02,191.28,956400,-35.26,-176300,8,-800,50,142,140,
84356SLM       ,BlumUsfPolyBIJOU U  ,POLY/SALM ,UNIO,UNION HOSIER,5,35.28,176.4,2.1,1,0.02,191.28,956400,-35.26,-176300,2.2,-218,16.7,142,140,
84096BPR       ,BlumUsfPolyaBIJOU U ,POLY/MORA ,KORU,KORUS SALES,2,39.69,79.38,0.9,1,0.02,191.28,956400,-39.67,-198350,4.8,-480,33.3,278,25,
84356RYBL      ,BlumUsfPolyBIJOU U  ,POLY/ROYA ,KORU,KORUS SALES,4,39.69,158.76,1.7,1,0.02,191.28,956400,-39.67,-198350,2.7,-267,20,144,25,
BR4043N1WH     ,BraziUsfPolyMAMIA U ,POLY/BLAN ,KORU,KORUS SALES,12,41.89,502.68,5.1,1,0.03,303.45,1011500,-41.86,-139533.3,1,-96,7.7,144,73,
BR4069PNOCL    ,BraziUsfPolyMAMIA U ,POLY/CORA ,KORU,KORUS SALES,14,41.89,586.46,6,1,0.03,303.45,1011500,-41.86,-139533.3,0.8,-83,6.7,144,85,
99925NV        ,BraziUsfNyloLACY U  ,NYLO/AZUL ,UNIO,UNION HOSIER,1,48.51,48.51,0.4,1,0.03,312.14,1040466.7,-48.48,-161600,8,-800,50,143,140,
89095BK        ,BraziEstaPolyKORUS U,POLY/NEGR ,KORU,KORUS SALES,13,66.14,859.82,5.6,1,0.03,312.14,1040466.7,-66.11,-220366.7,0.9,-89,7.1,143,15,
89095GYPK      ,BraziEstaPolyKORUS U,POLY/GRIS ,KORU,KORUS SALES,7,66.14,462.98,3,1,0.03,312.14,1040466.7,-66.11,-220366.7,1.6,-160,12.5,143,139,
BR4043N1PR     ,BraziUsfPolyMAMIA U ,POLY/MORA ,KORU,KORUS SALES,19,41.89,795.91,4.1,2,0.06,606.9,1011500,-83.72,-139533.3,1.2,-120,9.5,144,12,
1315TPBKWH     ,BlusClCasMcRENEE U  ,POLY/DISE ,SOCO,"SO COOL, INC",3,185.23,555.69,0.4,3,450,"1,050.00",233.3,-105.69,-23.5,8,-152,50,145,93,
LMF7023ASSTBK  ,MoldeUsfNyloKALIY U ,NYLO/NEGR ,KORU,KORUS SALES,4,66.14,264.56,0.9,2,0.02,518.24,2591200,-132.26,-661300,4.8,-480,33.3,278,52,
BA3202WH       ,BlusClCasMcBLUPE U  ,POLY/BLAN ,MINE,MINE EDGE,5,200.94,"1,004.70",0,0,-155.22,155.22,-100,-155.22,100,0,-185,0,147,112,
24002NRSV      ,BraziUsfPolyALWAY U ,POLY/ROSA ,KORU,KORUS SALES,18,92.6,"1,666.80",1.5,5,303.6,"1,213.80",399.8,-159.4,-52.5,2.9,-101,21.7,144,25,
24002WWH       ,BraziUsfPolyALWAY U ,POLY/BLAN ,KORU,KORUS SALES,53,92.6,"4,907.80",4.5,5,303.6,"1,213.80",399.8,-159.4,-52.5,1.1,-37,8.6,144,15,
B02MT          ,VestCacClSmCATWA U  ,POLY/DISE ,CATW,CATWALK,15,277.8,"4,167.00",0,0,-215.22,215.22,-100,-215.22,100,0,-62,0,147,55,
